boundary,volume,total_pairs,n1,n2,sector_dimension,configurations_checked,mean_sum_N_exact,mean_D_exact,mean_C4_exact,baseline_D_exact,selector_shift_per_A4_exact,leakage_squared_exact,leakage_squared_formula_exact,leakage_squared_per_A4_squared_exact,singular_value_exact,singular_value_decimal,min_C4_exact,max_C4_exact,distinct_C4_values,agp_invariant,centered_action_sum_zero,centered_action_norm_exact,open_decomposition_exact
open,2,0,0,0,1,1,0,0,0,0,0,0,0,0,0,0,0,0,1,YES,YES,YES,YES
open,2,1,0,1,2,2,2,4,49/500,4,0,0,0,0,0,0,49/500,49/500,1,YES,YES,YES,YES
open,2,2,0,2,1,1,4,16,49/50,16,0,0,0,0,0,0,49/50,49/50,1,YES,YES,YES,YES
open,2,1,1,0,2,2,2,4,49/500,4,0,0,0,0,0,0,49/500,49/500,1,YES,YES,YES,YES
open,2,2,1,1,4,4,4,16,49/50,16,0,0,0,0,0,0,49/50,49/50,1,YES,YES,YES,YES
open,2,3,1,2,2,2,6,36,1323/500,36,0,0,0,0,0,0,1323/500,1323/500,1,YES,YES,YES,YES
open,2,2,2,0,1,1,4,16,49/50,16,0,0,0,0,0,0,49/50,49/50,1,YES,YES,YES,YES
open,2,3,2,1,2,2,6,36,1323/500,36,0,0,0,0,0,0,1323/500,1323/500,1,YES,YES,YES,YES
open,2,4,2,2,1,1,8,64,637/125,64,0,0,0,0,0,0,637/125,637/125,1,YES,YES,YES,YES
open,3,0,0,0,1,1,0,0,0,0,0,0,0,0,0,0,0,0,1,YES,YES,YES,YES
open,3,1,0,1,3,3,8/3,16/3,49/375,16/3,0,2401/1125000,2401/1125000,2/9,sqrt(2401/1125000),0.0461976430375211,49/500,49/250,2,NO,YES,YES,YES
open,3,2,0,2,3,3,16/3,16,98/125,16,0,21609/125000,21609/125000,18,sqrt(21609/125000),0.41577878733769,49/250,539/500,2,NO,YES,YES,YES
open,3,3,0,3,1,1,8,32,49/25,32,0,0,0,0,0,0,49/25,49/25,1,YES,YES,YES,YES
open,3,1,1,0,3,3,8/3,16/3,49/375,16/3,0,2401/1125000,2401/1125000,2/9,sqrt(2401/1125000),0.0461976430375211,49/500,49/250,2,NO,YES,YES,YES
open,3,2,1,1,9,9,16/3,160/9,1078/1125,16,16/9,1250921/5062500,1250921/5062500,2084/81,sqrt(1250921/5062500),0.49708702072458,49/250,49/25,4,NO,YES,YES,YES
open,3,3,1,2,9,9,8,320/9,2597/1125,32,32/9,4074497/5062500,4074497/5062500,6788/81,sqrt(4074497/5062500),0.897128147802892,539/500,1813/500,4,NO,YES,YES,YES
open,3,4,1,3,3,3,32/3,176/3,1568/375,160/3,16/3,693889/1125000,693889/1125000,578/9,sqrt(693889/1125000),0.785359931637859,1813/500,1323/250,2,NO,YES,YES,YES
open,3,2,2,0,3,3,16/3,16,98/125,16,0,21609/125000,21609/125000,18,sqrt(21609/125000),0.41577878733769,49/250,539/500,2,NO,YES,YES,YES
open,3,3,2,1,9,9,8,320/9,2597/1125,32,32/9,4074497/5062500,4074497/5062500,6788/81,sqrt(4074497/5062500),0.897128147802892,539/500,1813/500,4,NO,YES,YES,YES
open,3,4,2,2,9,9,32/3,544/9,196/45,160/3,64/9,8742041/5062500,8742041/5062500,14564/81,sqrt(8742041/5062500),1.31408634175242,49/25,1519/250,4,NO,YES,YES,YES
open,3,5,2,3,3,3,40/3,272/3,2597/375,80,32/3,2401/1800,2401/1800,1250/9,sqrt(2401/1800),1.15494107593803,1323/250,3871/500,2,NO,YES,YES,YES
open,3,3,3,0,1,1,8,32,49/25,32,0,0,0,0,0,0,49/25,49/25,1,YES,YES,YES,YES
open,3,4,3,1,3,3,32/3,176/3,1568/375,160/3,16/3,693889/1125000,693889/1125000,578/9,sqrt(693889/1125000),0.785359931637859,1813/500,1323/250,2,NO,YES,YES,YES
open,3,5,3,2,3,3,40/3,272/3,2597/375,80,32/3,2401/1800,2401/1800,1250/9,sqrt(2401/1800),1.15494107593803,1323/250,3871/500,2,NO,YES,YES,YES
open,3,6,3,3,1,1,16,128,1274/125,112,16,0,0,0,0,0,1274/125,1274/125,1,YES,YES,YES,YES
open,4,0,0,0,1,1,0,0,0,0,0,0,0,0,0,0,0,0,1,YES,YES,YES,YES
open,4,1,0,1,4,4,3,6,147/1000,6,0,2401/1000000,2401/1000000,1/4,sqrt(2401/1000000),0.049,49/500,49/250,2,NO,YES,YES,YES
open,4,2,0,2,6,6,6,16,343/500,16,0,45619/250000,45619/250000,19,sqrt(45619/250000),0.427172096466986,49/250,147/125,4,NO,YES,YES,YES
open,4,3,0,3,4,4,9,30,1617/1000,30,0,194481/1000000,194481/1000000,81/4,sqrt(194481/1000000),0.441,147/125,1029/500,2,NO,YES,YES,YES
open,4,4,0,4,1,1,12,48,147/50,48,0,0,0,0,0,0,147/50,147/50,1,YES,YES,YES,YES
open,4,1,1,0,4,4,3,6,147/1000,6,0,2401/1000000,2401/1000000,1/4,sqrt(2401/1000000),0.049,49/500,49/250,2,NO,YES,YES,YES
open,4,2,1,1,16,16,6,18,441/500,16,2,31213/100000,31213/100000,65/2,sqrt(31213/100000),0.558685958298578,49/250,49/25,6,NO,YES,YES,YES
open,4,3,1,2,24,24,9,34,2009/1000,30,4,487403/600000,487403/600000,1015/12,sqrt(487403/600000),0.901298137872998,539/500,931/250,6,NO,YES,YES,YES
open,4,4,1,3,16,16,12,54,441/125,48,6,501809/500000,501809/500000,209/2,sqrt(501809/500000),1.00180736671278,1029/500,539/100,6,NO,YES,YES,YES
open,4,5,1,4,4,4,15,78,5439/1000,70,8,693889/1000000,693889/1000000,289/4,sqrt(693889/1000000),0.833,2303/500,784/125,2,NO,YES,YES,YES
open,4,2,2,0,6,6,6,16,343/500,16,0,45619/250000,45619/250000,19,sqrt(45619/250000),0.427172096466986,49/250,147/125,4,NO,YES,YES,YES
open,4,3,2,1,24,24,9,34,2009/1000,30,4,487403/600000,487403/600000,1015/12,sqrt(487403/600000),0.901298137872998,539/500,931/250,6,NO,YES,YES,YES
open,4,4,2,2,36,36,12,56,931/250,48,8,1831963/1125000,1831963/1125000,1526/9,sqrt(1831963/1125000),1.27609229899547,49/25,882/125,9,NO,YES,YES,YES
open,4,5,2,3,24,24,15,82,5831/1000,70,12,5932871/3000000,5932871/3000000,2471/12,sqrt(5932871/3000000),1.40628008115975,931/250,4361/500,6,NO,YES,YES,YES
open,4,6,2,4,6,6,18,112,833/100,96,16,1135673/750000,1135673/750000,473/3,sqrt(1135673/750000),1.23054080252004,784/125,2597/250,4,NO,YES,YES,YES
open,4,3,3,0,4,4,9,30,1617/1000,30,0,194481/1000000,194481/1000000,81/4,sqrt(194481/1000000),0.441,147/125,1029/500,2,NO,YES,YES,YES
open,4,4,3,1,16,16,12,54,441/125,48,6,501809/500000,501809/500000,209/2,sqrt(501809/500000),1.00180736671278,1029/500,539/100,6,NO,YES,YES,YES
open,4,5,3,2,24,24,15,82,5831/1000,70,12,5932871/3000000,5932871/3000000,2471/12,sqrt(5932871/3000000),1.40628008115975,931/250,4361/500,6,NO,YES,YES,YES
open,4,6,3,3,16,16,18,114,4263/500,96,18,1154881/500000,1154881/500000,481/2,sqrt(1154881/500000),1.51979011708854,784/125,2793/250,6,NO,YES,YES,YES
open,4,7,3,4,4,4,21,150,11613/1000,126,24,2401/1600,2401/1600,625/4,sqrt(2401/1600),1.225,2597/250,6419/500,2,NO,YES,YES,YES
open,4,4,4,0,1,1,12,48,147/50,48,0,0,0,0,0,0,147/50,147/50,1,YES,YES,YES,YES
open,4,5,4,1,4,4,15,78,5439/1000,70,8,693889/1000000,693889/1000000,289/4,sqrt(693889/1000000),0.833,2303/500,784/125,2,NO,YES,YES,YES
open,4,6,4,2,6,6,18,112,833/100,96,16,1135673/750000,1135673/750000,473/3,sqrt(1135673/750000),1.23054080252004,784/125,2597/250,4,NO,YES,YES,YES
open,4,7,4,3,4,4,21,150,11613/1000,126,24,2401/1600,2401/1600,625/4,sqrt(2401/1600),1.225,2597/250,6419/500,2,NO,YES,YES,YES
open,4,8,4,4,1,1,24,192,1911/125,160,32,0,0,0,0,0,1911/125,1911/125,1,YES,YES,YES,YES
open,5,0,0,0,1,1,0,0,0,0,0,0,0,0,0,0,0,0,1,YES,YES,YES,YES
open,5,1,0,1,5,5,16/5,32/5,98/625,32/5,0,7203/3125000,7203/3125000,6/25,sqrt(7203/3125000),0.0480099989585503,49/500,49/250,2,NO,YES,YES,YES
open,5,2,0,2,10,10,32/5,16,392/625,16,0,1058841/6250000,1058841/6250000,441/25,sqrt(1058841/6250000),0.4116,49/250,147/125,5,NO,YES,YES,YES
open,5,3,0,3,10,10,48/5,144/5,882/625,144/5,0,1635081/6250000,1635081/6250000,681/25,sqrt(1635081/6250000),0.511481143347436,49/125,539/250,5,NO,YES,YES,YES
open,5,4,0,4,5,5,64/5,224/5,1568/625,224/5,0,583443/3125000,583443/3125000,486/25,sqrt(583443/3125000),0.432089990626953,539/250,1519/500,2,NO,YES,YES,YES
open,5,5,0,5,1,1,16,64,98/25,64,0,0,0,0,0,0,98/25,98/25,1,YES,YES,YES,YES
open,5,1,1,0,5,5,16/5,32/5,98/625,32/5,0,7203/3125000,7203/3125000,6/25,sqrt(7203/3125000),0.0480099989585503,49/500,49/250,2,NO,YES,YES,YES
open,5,2,1,1,25,25,32/5,448/25,2548/3125,16,48/25,12626859/39062500,12626859/39062500,21036/625,sqrt(12626859/39062500),0.568548670212146,49/250,49/25,7,NO,YES,YES,YES
open,5,3,1,2,50,50,48/5,816/25,5586/3125,144/5,96/25,121104039/156250000,121104039/156250000,50439/625,sqrt(121104039/156250000),0.88037824234814,49/125,931/250,9,NO,YES,YES,YES
open,5,4,1,3,50,50,64/5,1264/25,9604/3125,224/5,144/25,165474519/156250000,165474519/156250000,68919/625,sqrt(165474519/156250000),1.0290951955966,637/500,686/125,12,NO,YES,YES,YES
open,5,5,1,4,25,25,16,1792/25,14602/3125,64,192/25,39998259/39062500,39998259/39062500,66636/625,sqrt(39998259/39062500),1.01190682891262,1519/500,637/100,7,NO,YES,YES,YES
open,5,6,1,5,5,5,96/5,96,4116/625,432/5,48/5,2081667/3125000,2081667/3125000,1734/25,sqrt(2081667/3125000),0.816169982295355,2793/500,1813/250,2,NO,YES,YES,YES
open,5,2,2,0,10,10,32/5,16,392/625,16,0,1058841/6250000,1058841/6250000,441/25,sqrt(1058841/6250000),0.4116,49/250,147/125,5,NO,YES,YES,YES
open,5,3,2,1,50,50,48/5,816/25,5586/3125,144/5,96/25,121104039/156250000,121104039/156250000,50439/625,sqrt(121104039/156250000),0.88037824234814,49/125,931/250,9,NO,YES,YES,YES
open,5,4,2,2,100,100,64/5,1312/25,10192/3125,224/5,192/25,116479713/78125000,116479713/78125000,97026/625,sqrt(116479713/78125000),1.22104067352402,637/500,882/125,16,NO,YES,YES,YES
open,5,5,2,3,100,100,16,1888/25,15778/3125,64,288/25,153070953/78125000,153070953/78125000,127506/625,sqrt(153070953/78125000),1.39975290619452,539/250,441/50,17,NO,YES,YES,YES
open,5,6,2,4,50,50,96/5,2544/25,22344/3125,432/5,384/25,307805799/156250000,307805799/156250000,128199/625,sqrt(307805799/156250000),1.40355160703125,588/125,5243/500,12,NO,YES,YES,YES
open,5,7,2,5,10,10,112/5,656/5,5978/625,112,96/5,9126201/6250000,9126201/6250000,3801/25,sqrt(9126201/6250000),1.20838411111699,1813/250,1421/125,5,NO,YES,YES,YES
open,5,3,3,0,10,10,48/5,144/5,882/625,144/5,0,1635081/6250000,1635081/6250000,681/25,sqrt(1635081/6250000),0.511481143347436,49/125,539/250,5,NO,YES,YES,YES
open,5,4,3,1,50,50,64/5,1264/25,9604/3125,224/5,144/25,165474519/156250000,165474519/156250000,68919/625,sqrt(165474519/156250000),1.0290951955966,637/500,686/125,12,NO,YES,YES,YES
open,5,5,3,2,100,100,16,1888/25,15778/3125,64,288/25,153070953/78125000,153070953/78125000,127506/625,sqrt(153070953/78125000),1.39975290619452,539/250,441/50,17,NO,YES,YES,YES
open,5,6,3,3,100,100,96/5,2592/25,22932/3125,432/5,432/25,198882033/78125000,198882033/78125000,165666/625,sqrt(198882033/78125000),1.59552186522153,98/25,1519/125,16,NO,YES,YES,YES
open,5,7,3,4,50,50,112/5,3376/25,31066/3125,112,576/25,398275479/156250000,398275479/156250000,165879/625,sqrt(398275479/156250000),1.59654723249893,1813/250,6909/500,9,NO,YES,YES,YES
open,5,8,3,5,10,10,128/5,848/5,8036/625,704/5,144/5,11546409/6250000,11546409/6250000,4809/25,sqrt(11546409/6250000),1.35920029429073,1323/125,3871/250,5,NO,YES,YES,YES
open,5,4,4,0,5,5,64/5,224/5,1568/625,224/5,0,583443/3125000,583443/3125000,486/25,sqrt(583443/3125000),0.432089990626953,539/250,1519/500,2,NO,YES,YES,YES
open,5,5,4,1,25,25,16,1792/25,14602/3125,64,192/25,39998259/39062500,39998259/39062500,66636/625,sqrt(39998259/39062500),1.01190682891262,1519/500,637/100,7,NO,YES,YES,YES
open,5,6,4,2,50,50,96/5,2544/25,22344/3125,432/5,384/25,307805799/156250000,307805799/156250000,128199/625,sqrt(307805799/156250000),1.40355160703125,588/125,5243/500,12,NO,YES,YES,YES
open,5,7,4,3,50,50,112/5,3376/25,31066/3125,112,576/25,398275479/156250000,398275479/156250000,165879/625,sqrt(398275479/156250000),1.59654723249893,1813/250,6909/500,9,NO,YES,YES,YES
open,5,8,4,4,25,25,128/5,4288/25,40768/3125,704/5,768/25,95029179/39062500,95029179/39062500,158316/625,sqrt(95029179/39062500),1.55972657296079,1323/125,4067/250,7,NO,YES,YES,YES
open,5,9,4,5,5,5,144/5,1056/5,2058/125,864/5,192/5,7203/5000,7203/5000,150,sqrt(7203/5000),1.20024997396376,3871/250,8967/500,2,NO,YES,YES,YES
open,5,5,5,0,1,1,16,64,98/25,64,0,0,0,0,0,0,98/25,98/25,1,YES,YES,YES,YES
open,5,6,5,1,5,5,96/5,96,4116/625,432/5,48/5,2081667/3125000,2081667/3125000,1734/25,sqrt(2081667/3125000),0.816169982295355,2793/500,1813/250,2,NO,YES,YES,YES
open,5,7,5,2,10,10,112/5,656/5,5978/625,112,96/5,9126201/6250000,9126201/6250000,3801/25,sqrt(9126201/6250000),1.20838411111699,1813/250,1421/125,5,NO,YES,YES,YES
open,5,8,5,3,10,10,128/5,848/5,8036/625,704/5,144/5,11546409/6250000,11546409/6250000,4809/25,sqrt(11546409/6250000),1.35920029429073,1323/125,3871/250,5,NO,YES,YES,YES
open,5,9,5,4,5,5,144/5,1056/5,2058/125,864/5,192/5,7203/5000,7203/5000,150,sqrt(7203/5000),1.20024997396376,3871/250,8967/500,2,NO,YES,YES,YES
open,5,10,5,5,1,1,32,256,2548/125,208,48,0,0,0,0,0,2548/125,2548/125,1,YES,YES,YES,YES
open,6,0,0,0,1,1,0,0,0,0,0,0,0,0,0,0,0,0,1,YES,YES,YES,YES
open,6,1,0,1,6,6,10/3,20/3,49/300,20/3,0,2401/1125000,2401/1125000,2/9,sqrt(2401/1125000),0.0461976430375211,49/500,49/250,2,NO,YES,YES,YES
open,6,2,0,2,15,15,20/3,16,147/250,16,0,2401/15625,2401/15625,16,sqrt(2401/15625),0.392,49/250,147/125,5,NO,YES,YES,YES
open,6,3,0,3,20,20,10,28,637/500,28,0,175273/625000,175273/625000,146/5,sqrt(175273/625000),0.529562838575367,49/125,539/250,7,NO,YES,YES,YES
open,6,4,0,4,15,15,40/3,128/3,833/375,128/3,0,40817/140625,40817/140625,272/9,sqrt(40817/140625),0.538752468414041,343/250,392/125,5,NO,YES,YES,YES
open,6,5,0,5,6,6,50/3,60,343/100,60,0,21609/125000,21609/125000,18,sqrt(21609/125000),0.41577878733769,392/125,2009/500,2,NO,YES,YES,YES
open,6,6,0,6,1,1,20,80,49/10,80,0,0,0,0,0,0,49/10,49/10,1,YES,YES,YES,YES
open,6,1,1,0,6,6,10/3,20/3,49/300,20/3,0,2401/1125000,2401/1125000,2/9,sqrt(2401/1125000),0.0461976430375211,49/500,49/250,2,NO,YES,YES,YES
open,6,2,1,1,36,36,20/3,160/9,343/450,16,16/9,319333/1012500,319333/1012500,2660/81,sqrt(319333/1012500),0.561596489736137,49/250,49/25,7,NO,YES,YES,YES
open,6,3,1,2,90,90,10,284/9,7301/4500,28,32/9,37006613/50625000,37006613/50625000,30826/405,sqrt(37006613/50625000),0.854982353438571,49/125,931/250,11,NO,YES,YES,YES
open,6,4,1,3,120,120,40/3,48,343/125,128/3,16/3,982009/937500,982009/937500,1636/15,sqrt(982009/937500),1.0234628799652,637/500,686/125,16,NO,YES,YES,YES
open,6,5,1,4,90,90,50/3,604/9,18571/4500,60,64/9,57981749/50625000,57981749/50625000,48298/405,sqrt(57981749/50625000),1.0701955423031,1127/500,1617/250,13,NO,YES,YES,YES
open,6,6,1,5,36,36,20,800/9,2597/450,80,80/9,4996481/5062500,4996481/5062500,8324/81,sqrt(4996481/5062500),0.993458207413147,2009/500,147/20,7,NO,YES,YES,YES
open,6,7,1,6,6,6,70/3,340/3,2303/300,308/3,32/3,693889/1125000,693889/1125000,578/9,sqrt(693889/1125000),0.785359931637859,3283/500,1029/125,2,NO,YES,YES,YES
open,6,2,2,0,15,15,20/3,16,147/250,16,0,2401/15625,2401/15625,16,sqrt(2401/15625),0.392,49/250,147/125,5,NO,YES,YES,YES
open,6,3,2,1,90,90,10,284/9,7301/4500,28,32/9,37006613/50625000,37006613/50625000,30826/405,sqrt(37006613/50625000),0.854982353438571,49/125,931/250,11,NO,YES,YES,YES
open,6,4,2,2,225,225,40/3,448/9,3283/1125,128/3,64/9,43683794/31640625,43683794/31640625,291104/2025,sqrt(43683794/31640625),1.17499940971879,637/500,882/125,19,NO,YES,YES,YES
open,6,5,2,3,300,300,50/3,212/3,6713/1500,60,32/3,52699549/28125000,52699549/28125000,43898/225,sqrt(52699549/28125000),1.36885417127692,539/250,441/50,23,NO,YES,YES,YES
open,6,6,2,4,225,225,20,848/9,14161/2250,80,128/9,65292794/31640625,65292794/31640625,435104/2025,sqrt(65292794/31640625),1.43651478375637,392/125,1323/125,26,NO,YES,YES,YES
open,6,7,2,5,90,90,70/3,1084/9,37681/4500,308/3,160/9,95437349/50625000,95437349/50625000,79498/405,sqrt(95437349/50625000),1.37301937439686,1421/250,5733/500,13,NO,YES,YES,YES
open,6,8,2,6,15,15,80/3,448/3,4018/375,128,64/3,953197/703125,953197/703125,6352/45,sqrt(953197/703125),1.16432725449315,1029/125,3087/250,5,NO,YES,YES,YES
open,6,3,3,0,20,20,10,28,637/500,28,0,175273/625000,175273/625000,146/5,sqrt(175273/625000),0.529562838575367,49/125,539/250,7,NO,YES,YES,YES
open,6,4,3,1,120,120,40/3,48,343/125,128/3,16/3,982009/937500,982009/937500,1636/15,sqrt(982009/937500),1.0234628799652,637/500,686/125,16,NO,YES,YES,YES
open,6,5,3,2,300,300,50/3,212/3,6713/1500,60,32/3,52699549/28125000,52699549/28125000,43898/225,sqrt(52699549/28125000),1.36885417127692,539/250,441/50,23,NO,YES,YES,YES
open,6,6,3,3,400,400,20,96,1617/250,80,16,3911229/1562500,3911229/1562500,6516/25,sqrt(3911229/1562500),1.58214618793587,392/125,1519/125,29,NO,YES,YES,YES
open,6,7,3,4,300,300,70/3,124,4361/500,308/3,64/3,25889983/9375000,25889983/9375000,21566/75,sqrt(25889983/9375000),1.66180570063611,1421/250,3479/250,23,NO,YES,YES,YES
open,6,8,3,5,120,120,80/3,464/3,4214/375,128,80/3,1438199/562500,1438199/562500,2396/9,sqrt(1438199/562500),1.59899913140133,1029/125,7791/500,16,NO,YES,YES,YES
open,6,9,3,6,20,20,30,188,7007/500,156,32,1174089/625000,1174089/625000,978/5,sqrt(1174089/625000),1.37059928498449,2891/250,2058/125,7,NO,YES,YES,YES
open,6,4,4,0,15,15,40/3,128/3,833/375,128/3,0,40817/140625,40817/140625,272/9,sqrt(40817/140625),0.538752468414041,343/250,392/125,5,NO,YES,YES,YES
open,6,5,4,1,90,90,50/3,604/9,18571/4500,60,64/9,57981749/50625000,57981749/50625000,48298/405,sqrt(57981749/50625000),1.0701955423031,1127/500,1617/250,13,NO,YES,YES,YES
open,6,6,4,2,225,225,20,848/9,14161/2250,80,128/9,65292794/31640625,65292794/31640625,435104/2025,sqrt(65292794/31640625),1.43651478375637,392/125,1323/125,26,NO,YES,YES,YES
open,6,7,4,3,300,300,70/3,124,4361/500,308/3,64/3,25889983/9375000,25889983/9375000,21566/75,sqrt(25889983/9375000),1.66180570063611,1421/250,3479/250,23,NO,YES,YES,YES
open,6,8,4,4,225,225,80/3,1408/9,12838/1125,128,256/9,96121634/31640625,96121634/31640625,640544/2025,sqrt(96121634/31640625),1.74296250938906,1029/125,2156/125,19,NO,YES,YES,YES
open,6,9,4,5,90,90,30,1724/9,64631/4500,156,320/9,140384069/50625000,140384069/50625000,116938/405,sqrt(140384069/50625000),1.66523831535116,2891/250,9457/500,11,NO,YES,YES,YES
open,6,10,4,6,15,15,100/3,688/3,13181/750,560/3,128/3,271313/140625,271313/140625,1808/9,sqrt(271313/140625),1.38900571953066,392/25,1029/50,5,NO,YES,YES,YES
open,6,5,5,0,6,6,50/3,60,343/100,60,0,21609/125000,21609/125000,18,sqrt(21609/125000),0.41577878733769,392/125,2009/500,2,NO,YES,YES,YES
open,6,6,5,1,36,36,20,800/9,2597/450,80,80/9,4996481/5062500,4996481/5062500,8324/81,sqrt(4996481/5062500),0.993458207413147,2009/500,147/20,7,NO,YES,YES,YES
open,6,7,5,2,90,90,70/3,1084/9,37681/4500,308/3,160/9,95437349/50625000,95437349/50625000,79498/405,sqrt(95437349/50625000),1.37301937439686,1421/250,5733/500,13,NO,YES,YES,YES
open,6,8,5,3,120,120,80/3,464/3,4214/375,128,80/3,1438199/562500,1438199/562500,2396/9,sqrt(1438199/562500),1.59899913140133,1029/125,7791/500,16,NO,YES,YES,YES
open,6,9,5,4,90,90,30,1724/9,64631/4500,156,320/9,140384069/50625000,140384069/50625000,116938/405,sqrt(140384069/50625000),1.66523831535116,2891/250,9457/500,11,NO,YES,YES,YES
open,6,10,5,5,36,36,100/3,2080/9,7987/450,560/3,400/9,12084233/5062500,12084233/5062500,20132/81,sqrt(12084233/5062500),1.54499481800242,392/25,5341/250,7,NO,YES,YES,YES
open,6,11,5,6,6,6,110/3,820/3,6419/300,220,160/3,2401/1800,2401/1800,1250/9,sqrt(2401/1800),1.15494107593803,1029/50,2303/100,2,NO,YES,YES,YES
open,6,6,6,0,1,1,20,80,49/10,80,0,0,0,0,0,0,49/10,49/10,1,YES,YES,YES,YES
open,6,7,6,1,6,6,70/3,340/3,2303/300,308/3,32/3,693889/1125000,693889/1125000,578/9,sqrt(693889/1125000),0.785359931637859,3283/500,1029/125,2,NO,YES,YES,YES
open,6,8,6,2,15,15,80/3,448/3,4018/375,128,64/3,953197/703125,953197/703125,6352/45,sqrt(953197/703125),1.16432725449315,1029/125,3087/250,5,NO,YES,YES,YES
open,6,9,6,3,20,20,30,188,7007/500,156,32,1174089/625000,1174089/625000,978/5,sqrt(1174089/625000),1.37059928498449,2891/250,2058/125,7,NO,YES,YES,YES
open,6,10,6,4,15,15,100/3,688/3,13181/750,560/3,128/3,271313/140625,271313/140625,1808/9,sqrt(271313/140625),1.38900571953066,392/25,1029/50,5,NO,YES,YES,YES
open,6,11,6,5,6,6,110/3,820/3,6419/300,220,160/3,2401/1800,2401/1800,1250/9,sqrt(2401/1800),1.15494107593803,1029/50,2303/100,2,NO,YES,YES,YES
open,6,12,6,6,1,1,40,320,637/25,256,64,0,0,0,0,0,637/25,637/25,1,YES,YES,YES,YES
open,7,0,0,0,1,1,0,0,0,0,0,0,0,0,0,0,0,0,1,YES,YES,YES,YES
open,7,1,0,1,7,7,24/7,48/7,21/125,48/7,0,49/25000,49/25000,10/49,sqrt(49/25000),0.0442718872423573,49/500,49/250,2,NO,YES,YES,YES
open,7,2,0,2,21,21,48/7,16,14/25,16,0,3479/25000,3479/25000,710/49,sqrt(3479/25000),0.373041552645278,49/250,147/125,5,NO,YES,YES,YES
open,7,3,0,3,35,35,72/7,192/7,147/125,192/7,0,17493/62500,17493/62500,204/7,sqrt(17493/62500),0.529044421575353,49/125,539/250,8,NO,YES,YES,YES
open,7,4,0,4,35,35,96/7,288/7,252/125,288/7,0,21413/62500,21413/62500,1748/49,sqrt(21413/62500),0.585327258890272,147/250,392/125,8,NO,YES,YES,YES
open,7,5,0,5,21,21,120/7,400/7,77/25,400/7,0,7399/25000,7399/25000,1510/49,sqrt(7399/25000),0.544022058376313,294/125,1029/250,5,NO,YES,YES,YES
open,7,6,0,6,7,7,144/7,528/7,546/125,528/7,0,3969/25000,3969/25000,810/49,sqrt(3969/25000),0.398446985181216,1029/250,2499/500,2,NO,YES,YES,YES
open,7,7,0,7,1,1,24,96,147/25,96,0,0,0,0,0,0,147/25,147/25,1,YES,YES,YES,YES
open,7,1,1,0,7,7,24/7,48/7,21/125,48/7,0,49/25000,49/25000,10/49,sqrt(49/25000),0.0442718872423573,49/500,49/250,2,NO,YES,YES,YES
open,7,2,1,1,49,49,48/7,864/49,18/25,16,80/49,3761/12500,3761/12500,75220/2401,sqrt(3761/12500),0.548525295679242,49/250,49/25,7,NO,YES,YES,YES
open,7,3,1,2,147,147,72/7,1504/49,187/125,192/7,160/49,6439/9375,6439/9375,515120/7203,sqrt(6439/9375),0.828750062845649,49/125,931/250,12,NO,YES,YES,YES
open,7,4,1,3,245,245,96/7,2256/49,312/125,288/7,240/49,126719/125000,126719/125000,253438/2401,sqrt(126719/125000),1.00685252147472,147/250,686/125,19,NO,YES,YES,YES
open,7,5,1,4,245,245,120/7,3120/49,93/25,400/7,320/49,148223/125000,148223/125000,296446/2401,sqrt(148223/125000),1.08893709643854,147/100,1617/250,18,NO,YES,YES,YES
open,7,6,1,5,147,147,144/7,4096/49,646/125,528/7,400/49,10849/9375,10849/9375,867920/7203,sqrt(10849/9375),1.07574470329473,1617/500,931/125,13,NO,YES,YES,YES
open,7,7,1,6,49,49,24,5184/49,171/25,96,480/49,11657/12500,11657/12500,233140/2401,sqrt(11657/12500),0.965691462114065,2499/500,833/100,7,NO,YES,YES,YES
open,7,8,1,7,7,7,192/7,912/7,1092/125,832/7,80/7,14161/25000,14161/25000,2890/49,sqrt(14161/25000),0.752622083120074,3773/500,2303/250,2,NO,YES,YES,YES
open,7,2,2,0,21,21,48/7,16,14/25,16,0,3479/25000,3479/25000,710/49,sqrt(3479/25000),0.373041552645278,49/250,147/125,5,NO,YES,YES,YES
open,7,3,2,1,147,147,72/7,1504/49,187/125,192/7,160/49,6439/9375,6439/9375,515120/7203,sqrt(6439/9375),0.828750062845649,49/125,931/250,12,NO,YES,YES,YES
open,7,4,2,2,441,441,96/7,2336/49,332/125,288/7,320/49,144943/112500,144943/112500,2898860/21609,sqrt(144943/112500),1.13506925877773,147/250,882/125,22,NO,YES,YES,YES
open,7,5,2,3,735,735,120/7,3280/49,101/25,400/7,480/49,668791/375000,668791/375000,1337582/7203,sqrt(668791/375000),1.33545597706052,147/100,441/50,28,NO,YES,YES,YES
open,7,6,2,4,735,735,144/7,4336/49,706/125,528/7,640/49,10309/5000,10309/5000,515450/2401,sqrt(10309/5000),1.43589693223434,294/125,1323/125,33,NO,YES,YES,YES
open,7,7,2,5,441,441,24,5504/49,187/25,96,800/49,46427/22500,46427/22500,4642700/21609,sqrt(46427/22500),1.43646170231657,1029/250,2891/250,27,NO,YES,YES,YES
open,7,8,2,6,147,147,192/7,6784/49,1192/125,832/7,960/49,16673/9375,16673/9375,1333840/7203,sqrt(16673/9375),1.33358664260457,833/125,6223/500,13,NO,YES,YES,YES
open,7,9,2,7,21,21,216/7,1168/7,1477/125,144,160/7,93541/75000,93541/75000,19090/147,sqrt(93541/75000),1.11678705818671,2303/250,1666/125,5,NO,YES,YES,YES
open,7,3,3,0,35,35,72/7,192/7,147/125,192/7,0,17493/62500,17493/62500,204/7,sqrt(17493/62500),0.529044421575353,49/125,539/250,8,NO,YES,YES,YES
open,7,4,3,1,245,245,96/7,2256/49,312/125,288/7,240/49,126719/125000,126719/125000,253438/2401,sqrt(126719/125000),1.00685252147472,147/250,686/125,19,NO,YES,YES,YES
open,7,5,3,2,735,735,120/7,3280/49,101/25,400/7,480/49,668791/375000,668791/375000,1337582/7203,sqrt(668791/375000),1.33545597706052,147/100,441/50,28,NO,YES,YES,YES
open,7,6,3,3,1225,1225,144/7,4416/49,726/125,528/7,720/49,15089/6250,15089/6250,603560/2401,sqrt(15089/6250),1.55378248155911,294/125,1519/125,37,NO,YES,YES,YES
open,7,7,3,4,1225,1225,24,5664/49,39/5,96,960/49,3477/1250,3477/1250,695400/2401,sqrt(3477/1250),1.66781293915115,1029/250,3479/250,37,NO,YES,YES,YES
open,7,8,3,5,735,735,192/7,7024/49,1252/125,832/7,1200/49,1054183/375000,1054183/375000,2108366/7203,sqrt(1054183/375000),1.67664983424288,833/125,392/25,33,NO,YES,YES,YES
open,7,9,3,6,245,245,216/7,8496/49,1557/125,144,1440/49,309839/125000,309839/125000,619678/2401,sqrt(309839/125000),1.57439258128333,2303/250,8281/500,18,NO,YES,YES,YES
open,7,10,3,7,35,35,240/7,1440/7,378/25,1200/7,240/7,113141/62500,113141/62500,9236/49,sqrt(113141/62500),1.3454575429942,1568/125,4361/250,8,NO,YES,YES,YES
open,7,4,4,0,35,35,96/7,288/7,252/125,288/7,0,21413/62500,21413/62500,1748/49,sqrt(21413/62500),0.585327258890272,147/250,392/125,8,NO,YES,YES,YES
open,7,5,4,1,245,245,120/7,3120/49,93/25,400/7,320/49,148223/125000,148223/125000,296446/2401,sqrt(148223/125000),1.08893709643854,147/100,1617/250,18,NO,YES,YES,YES
open,7,6,4,2,735,735,144/7,4336/49,706/125,528/7,640/49,10309/5000,10309/5000,515450/2401,sqrt(10309/5000),1.43589693223434,294/125,1323/125,33,NO,YES,YES,YES
open,7,7,4,3,1225,1225,24,5664/49,39/5,96,960/49,3477/1250,3477/1250,695400/2401,sqrt(3477/1250),1.66781293915115,1029/250,3479/250,37,NO,YES,YES,YES
open,7,8,4,4,1225,1225,192/7,7104/49,1272/125,832/7,1280/49,100197/31250,100197/31250,801576/2401,sqrt(100197/31250),1.79061553662421,147/25,2156/125,37,NO,YES,YES,YES
open,7,9,4,5,735,735,216/7,8656/49,1597/125,144,1600/49,405901/125000,405901/125000,811802/2401,sqrt(405901/125000),1.80200110987757,2303/250,4753/250,28,NO,YES,YES,YES
open,7,10,4,6,245,245,240/7,10320/49,78/5,1200/7,1920/49,358223/125000,358223/125000,716446/2401,sqrt(358223/125000),1.69286266424657,1568/125,10339/500,19,NO,YES,YES,YES
open,7,11,4,7,35,35,264/7,1728/7,2331/125,1408/7,320/7,25921/12500,25921/12500,10580/49,sqrt(25921/12500),1.44002777750986,3969/250,539/25,8,NO,YES,YES,YES
open,7,5,5,0,21,21,120/7,400/7,77/25,400/7,0,7399/25000,7399/25000,1510/49,sqrt(7399/25000),0.544022058376313,294/125,1029/250,5,NO,YES,YES,YES
open,7,6,5,1,147,147,144/7,4096/49,646/125,528/7,400/49,10849/9375,10849/9375,867920/7203,sqrt(10849/9375),1.07574470329473,1617/500,931/125,13,NO,YES,YES,YES
open,7,7,5,2,441,441,24,5504/49,187/25,96,800/49,46427/22500,46427/22500,4642700/21609,sqrt(46427/22500),1.43646170231657,1029/250,2891/250,27,NO,YES,YES,YES
open,7,8,5,3,735,735,192/7,7024/49,1252/125,832/7,1200/49,1054183/375000,1054183/375000,2108366/7203,sqrt(1054183/375000),1.67664983424288,833/125,392/25,33,NO,YES,YES,YES
open,7,9,5,4,735,735,216/7,8656/49,1597/125,144,1600/49,405901/125000,405901/125000,811802/2401,sqrt(405901/125000),1.80200110987757,2303/250,4753/250,28,NO,YES,YES,YES
open,7,10,5,5,441,441,240/7,10400/49,394/25,1200/7,2000/49,367711/112500,367711/112500,7354220/21609,sqrt(367711/112500),1.80791101059267,1568/125,2793/125,22,NO,YES,YES,YES
open,7,11,5,6,147,147,264/7,12256/49,2371/125,1408/7,2400/49,26459/9375,26459/9375,2116720/7203,sqrt(26459/9375),1.6799682536683,3969/250,2401/100,12,NO,YES,YES,YES
open,7,12,5,7,21,21,288/7,2032/7,112/5,1632/7,400/7,142933/75000,142933/75000,29170/147,sqrt(142933/75000),1.38049749486674,2597/125,6419/250,5,NO,YES,YES,YES
open,7,6,6,0,7,7,144/7,528/7,546/125,528/7,0,3969/25000,3969/25000,810/49,sqrt(3969/25000),0.398446985181216,1029/250,2499/500,2,NO,YES,YES,YES
open,7,7,6,1,49,49,24,5184/49,171/25,96,480/49,11657/12500,11657/12500,233140/2401,sqrt(11657/12500),0.965691462114065,2499/500,833/100,7,NO,YES,YES,YES
open,7,8,6,2,147,147,192/7,6784/49,1192/125,832/7,960/49,16673/9375,16673/9375,1333840/7203,sqrt(16673/9375),1.33358664260457,833/125,6223/500,13,NO,YES,YES,YES
open,7,9,6,3,245,245,216/7,8496/49,1557/125,144,1440/49,309839/125000,309839/125000,619678/2401,sqrt(309839/125000),1.57439258128333,2303/250,8281/500,18,NO,YES,YES,YES
open,7,10,6,4,245,245,240/7,10320/49,78/5,1200/7,1920/49,358223/125000,358223/125000,716446/2401,sqrt(358223/125000),1.69286266424657,1568/125,10339/500,19,NO,YES,YES,YES
open,7,11,6,5,147,147,264/7,12256/49,2371/125,1408/7,2400/49,26459/9375,26459/9375,2116720/7203,sqrt(26459/9375),1.6799682536683,3969/250,2401/100,12,NO,YES,YES,YES
open,7,12,6,6,49,49,288/7,14304/49,564/25,1632/7,2880/49,28513/12500,28513/12500,570260/2401,sqrt(28513/12500),1.51031122620472,2597/125,1323/50,7,NO,YES,YES,YES
open,7,13,6,7,7,7,312/7,336,3297/125,1872/7,480/7,49/40,49/40,6250/49,sqrt(49/40),1.10679718105893,6419/250,14063/500,2,NO,YES,YES,YES
open,7,7,7,0,1,1,24,96,147/25,96,0,0,0,0,0,0,147/25,147/25,1,YES,YES,YES,YES
open,7,8,7,1,7,7,192/7,912/7,1092/125,832/7,80/7,14161/25000,14161/25000,2890/49,sqrt(14161/25000),0.752622083120074,3773/500,2303/250,2,NO,YES,YES,YES
open,7,9,7,2,21,21,216/7,1168/7,1477/125,144,160/7,93541/75000,93541/75000,19090/147,sqrt(93541/75000),1.11678705818671,2303/250,1666/125,5,NO,YES,YES,YES
open,7,10,7,3,35,35,240/7,1440/7,378/25,1200/7,240/7,113141/62500,113141/62500,9236/49,sqrt(113141/62500),1.3454575429942,1568/125,4361/250,8,NO,YES,YES,YES
open,7,11,7,4,35,35,264/7,1728/7,2331/125,1408/7,320/7,25921/12500,25921/12500,10580/49,sqrt(25921/12500),1.44002777750986,3969/250,539/25,8,NO,YES,YES,YES
open,7,12,7,5,21,21,288/7,2032/7,112/5,1632/7,400/7,142933/75000,142933/75000,29170/147,sqrt(142933/75000),1.38049749486674,2597/125,6419/250,5,NO,YES,YES,YES
open,7,13,7,6,7,7,312/7,336,3297/125,1872/7,480/7,49/40,49/40,6250/49,sqrt(49/40),1.10679718105893,6419/250,14063/500,2,NO,YES,YES,YES
open,7,14,7,7,1,1,48,384,3822/125,304,80,0,0,0,0,0,3822/125,3822/125,1,YES,YES,YES,YES
open,8,0,0,0,1,1,0,0,0,0,0,0,0,0,0,0,0,0,1,YES,YES,YES,YES
open,8,1,0,1,8,8,7/2,7,343/2000,7,0,7203/4000000,7203/4000000,3/16,sqrt(7203/4000000),0.0424352447854375,49/500,49/250,2,NO,YES,YES,YES
open,8,2,0,2,28,28,7,16,539/1000,16,0,126567/1000000,126567/1000000,369/28,sqrt(126567/1000000),0.355762561268046,49/250,147/125,5,NO,YES,YES,YES
open,8,3,0,3,56,56,21/2,27,441/400,27,0,217119/800000,217119/800000,3165/112,sqrt(217119/800000),0.520959451397131,49/125,539/250,8,NO,YES,YES,YES
open,8,4,0,4,70,70,14,40,931/500,40,0,91581/250000,91581/250000,267/7,sqrt(91581/250000),0.605247056994084,147/250,392/125,10,NO,YES,YES,YES
open,8,5,0,5,56,56,35/2,55,1127/400,55,0,299439/800000,299439/800000,4365/112,sqrt(299439/800000),0.611799599542203,196/125,1029/250,8,NO,YES,YES,YES
open,8,6,0,6,28,28,21,72,3969/1000,72,0,291207/1000000,291207/1000000,849/28,sqrt(291207/1000000),0.539635988421825,833/250,637/125,5,NO,YES,YES,YES
open,8,7,0,7,8,8,49/2,91,10633/2000,91,0,583443/4000000,583443/4000000,243/16,sqrt(583443/4000000),0.381917203068937,637/125,2989/500,2,NO,YES,YES,YES
open,8,8,0,8,1,1,28,112,343/50,112,0,0,0,0,0,0,343/50,343/50,1,YES,YES,YES,YES
open,8,1,1,0,8,8,7/2,7,343/2000,7,0,7203/4000000,7203/4000000,3/16,sqrt(7203/4000000),0.0424352447854375,49/500,49/250,2,NO,YES,YES,YES
open,8,2,1,1,64,64,7,35/2,343/500,16,3/2,569037/2000000,569037/2000000,237/8,sqrt(569037/2000000),0.533402755898392,49/250,49/25,7,NO,YES,YES,YES
open,8,3,1,2,224,224,21/2,30,2793/2000,27,3,2579703/4000000,2579703/4000000,7521/112,sqrt(2579703/4000000),0.803072692849159,49/125,931/250,12,NO,YES,YES,YES
open,8,4,1,3,448,448,14,89/2,2303/1000,40,9/2,1943781/2000000,1943781/2000000,5667/56,sqrt(1943781/2000000),0.985845068963679,147/250,686/125,21,NO,YES,YES,YES
open,8,5,1,4,560,560,35/2,61,6811/2000,55,6,949767/800000,949767/800000,13845/112,sqrt(949767/800000),1.08959109302527,147/100,1617/250,21,NO,YES,YES,YES
open,8,6,1,5,448,448,21,159/2,588/125,72,15/2,2491209/2000000,2491209/2000000,7263/56,sqrt(2491209/2000000),1.11606653027497,49/20,931/125,18,NO,YES,YES,YES
open,8,7,1,6,224,224,49/2,100,12397/2000,91,9,4538919/4000000,4538919/4000000,13233/112,sqrt(4538919/4000000),1.0652369454727,2107/500,2107/250,13,NO,YES,YES,YES
open,8,8,1,7,64,64,28,245/2,7889/1000,112,21/2,1750329/2000000,1750329/2000000,729/8,sqrt(1750329/2000000),0.935502271509802,2989/500,931/100,7,NO,YES,YES,YES
open,8,9,1,8,8,8,63/2,147,19551/2000,135,12,2081667/4000000,2081667/4000000,867/16,sqrt(2081667/4000000),0.721399161352437,4263/500,1274/125,2,NO,YES,YES,YES
open,8,2,2,0,28,28,7,16,539/1000,16,0,126567/1000000,126567/1000000,369/28,sqrt(126567/1000000),0.355762561268046,49/250,147/125,5,NO,YES,YES,YES
open,8,3,2,1,224,224,21/2,30,2793/2000,27,3,2579703/4000000,2579703/4000000,7521/112,sqrt(2579703/4000000),0.803072692849159,49/125,931/250,12,NO,YES,YES,YES
open,8,4,2,2,784,784,14,46,49/20,40,6,604023/500000,604023/500000,1761/14,sqrt(604023/500000),1.09911145931612,147/250,882/125,24,NO,YES,YES,YES
open,8,5,2,3,1568,1568,35/2,64,7399/2000,55,9,1357251/800000,1357251/800000,19785/112,sqrt(1357251/800000),1.30252207274963,147/100,441/50,31,NO,YES,YES,YES
open,8,6,2,4,1960,1960,21,84,1029/200,72,12,2024043/1000000,2024043/1000000,843/4,sqrt(2024043/1000000),1.42268865181388,294/125,1323/125,38,NO,YES,YES,YES
open,8,7,2,5,1568,1568,49/2,106,13573/2000,91,15,8547903/4000000,8547903/4000000,24921/112,sqrt(8547903/4000000),1.46183985100968,833/250,2891/250,34,NO,YES,YES,YES
open,8,8,2,6,784,784,28,130,1078/125,112,18,1007391/500000,1007391/500000,2937/14,sqrt(1007391/500000),1.4194301673559,637/125,1568/125,27,NO,YES,YES,YES
open,8,9,2,7,224,224,63/2,156,4263/400,135,21,6679239/4000000,6679239/4000000,19473/112,sqrt(6679239/4000000),1.29221118630044,1911/250,6713/500,13,NO,YES,YES,YES
open,8,10,2,8,28,28,35,184,12887/1000,160,24,229467/200000,229467/200000,3345/28,sqrt(229467/200000),1.07113724610808,1274/125,3577/250,5,NO,YES,YES,YES
open,8,3,3,0,56,56,21/2,27,441/400,27,0,217119/800000,217119/800000,3165/112,sqrt(217119/800000),0.520959451397131,49/125,539/250,8,NO,YES,YES,YES
open,8,4,3,1,448,448,14,89/2,2303/1000,40,9/2,1943781/2000000,1943781/2000000,5667/56,sqrt(1943781/2000000),0.985845068963679,147/250,686/125,21,NO,YES,YES,YES
open,8,5,3,2,1568,1568,35/2,64,7399/2000,55,9,1357251/800000,1357251/800000,19785/112,sqrt(1357251/800000),1.30252207274963,147/100,441/50,31,NO,YES,YES,YES
open,8,6,3,3,3136,3136,21,171/2,1323/250,72,27/2,927129/400000,927129/400000,13515/56,sqrt(927129/400000),1.52243965397647,294/125,1519/125,41,NO,YES,YES,YES
open,8,7,3,4,3920,3920,49/2,109,14161/2000,91,18,2192799/800000,2192799/800000,31965/112,sqrt(2192799/800000),1.65559619170859,833/250,3479/250,44,NO,YES,YES,YES
open,8,8,3,5,3136,3136,28,269/2,1813/200,112,45/2,1161741/400000,1161741/400000,16935/56,sqrt(1161741/400000),1.70421609545269,637/125,392/25,46,NO,YES,YES,YES
open,8,9,3,6,1568,1568,63/2,162,22491/2000,135,27,11116287/4000000,11116287/4000000,32409/112,sqrt(11116287/4000000),1.66705481313603,1911/250,833/50,34,NO,YES,YES,YES
open,8,10,3,7,448,448,35,383/2,6811/500,160,63/2,947709/400000,947709/400000,13815/56,sqrt(947709/400000),1.53924413268331,1274/125,8771/500,18,NO,YES,YES,YES
open,8,11,3,8,56,56,77/2,223,32389/2000,187,36,1369599/800000,1369599/800000,19965/112,sqrt(1369599/800000),1.30843370103342,3381/250,2303/125,8,NO,YES,YES,YES
open,8,4,4,0,70,70,14,40,931/500,40,0,91581/250000,91581/250000,267/7,sqrt(91581/250000),0.605247056994084,147/250,392/125,10,NO,YES,YES,YES
open,8,5,4,1,560,560,35/2,61,6811/2000,55,6,949767/800000,949767/800000,13845/112,sqrt(949767/800000),1.08959109302527,147/100,1617/250,21,NO,YES,YES,YES
open,8,6,4,2,1960,1960,21,84,1029/200,72,12,2024043/1000000,2024043/1000000,843/4,sqrt(2024043/1000000),1.42268865181388,294/125,1323/125,38,NO,YES,YES,YES
open,8,7,4,3,3920,3920,49/2,109,14161/2000,91,18,2192799/800000,2192799/800000,31965/112,sqrt(2192799/800000),1.65559619170859,833/250,3479/250,44,NO,YES,YES,YES
open,8,8,4,4,4900,4900,28,136,2303/250,112,24,404397/125000,404397/125000,2358/7,sqrt(404397/125000),1.79865950085056,637/125,2156/125,49,NO,YES,YES,YES
open,8,9,4,5,3920,3920,63/2,165,23079/2000,135,30,13746411/4000000,13746411/4000000,40077/112,sqrt(13746411/4000000),1.85380763565155,1911/250,4753/250,44,NO,YES,YES,YES
open,8,10,4,6,1960,1960,35,196,14063/1000,160,36,661647/200000,661647/200000,9645/28,sqrt(661647/200000),1.81885540931653,1274/125,2597/125,38,NO,YES,YES,YES
open,8,11,4,7,560,560,77/2,229,6713/400,187,42,11383827/4000000,11383827/4000000,33189/112,sqrt(11383827/4000000),1.6869963692907,3381/250,10829/500,21,NO,YES,YES,YES
open,8,12,4,8,70,70,42,264,9849/500,216,48,103929/50000,103929/50000,1515/7,sqrt(103929/50000),1.44172812971101,2107/125,1127/50,10,NO,YES,YES,YES
open,8,5,5,0,56,56,35/2,55,1127/400,55,0,299439/800000,299439/800000,4365/112,sqrt(299439/800000),0.611799599542203,196/125,1029/250,8,NO,YES,YES,YES
open,8,6,5,1,448,448,21,159/2,588/125,72,15/2,2491209/2000000,2491209/2000000,7263/56,sqrt(2491209/2000000),1.11606653027497,49/20,931/125,18,NO,YES,YES,YES
open,8,7,5,2,1568,1568,49/2,106,13573/2000,91,15,8547903/4000000,8547903/4000000,24921/112,sqrt(8547903/4000000),1.46183985100968,833/250,2891/250,34,NO,YES,YES,YES
open,8,8,5,3,3136,3136,28,269/2,1813/200,112,45/2,1161741/400000,1161741/400000,16935/56,sqrt(1161741/400000),1.70421609545269,637/125,392/25,46,NO,YES,YES,YES
open,8,9,5,4,3920,3920,63/2,165,23079/2000,135,30,13746411/4000000,13746411/4000000,40077/112,sqrt(13746411/4000000),1.85380763565155,1911/250,4753/250,44,NO,YES,YES,YES
open,8,10,5,5,3136,3136,35,395/2,1421/100,160,75/2,1462209/400000,1462209/400000,3045/8,sqrt(1462209/400000),1.91194207548241,1274/125,2793/125,41,NO,YES,YES,YES
open,8,11,5,6,1568,1568,77/2,232,34153/2000,187,45,14063343/4000000,14063343/4000000,41001/112,sqrt(14063343/4000000),1.87505619915777,3381/250,6027/250,31,NO,YES,YES,YES
open,8,12,5,7,448,448,42,537/2,20139/1000,216,105/2,6010389/2000000,6010389/2000000,17523/56,sqrt(6010389/2000000),1.73354968201087,2107/125,12887/500,21,NO,YES,YES,YES
open,8,13,5,8,56,56,91/2,307,9359/400,247,60,1715343/800000,1715343/800000,25005/112,sqrt(1715343/800000),1.46430145461923,5243/250,3332/125,8,NO,YES,YES,YES
open,8,6,6,0,28,28,21,72,3969/1000,72,0,291207/1000000,291207/1000000,849/28,sqrt(291207/1000000),0.539635988421825,833/250,637/125,5,NO,YES,YES,YES
open,8,7,6,1,224,224,49/2,100,12397/2000,91,9,4538919/4000000,4538919/4000000,13233/112,sqrt(4538919/4000000),1.0652369454727,2107/500,2107/250,13,NO,YES,YES,YES
open,8,8,6,2,784,784,28,130,1078/125,112,18,1007391/500000,1007391/500000,2937/14,sqrt(1007391/500000),1.4194301673559,637/125,1568/125,27,NO,YES,YES,YES
open,8,9,6,3,1568,1568,63/2,162,22491/2000,135,27,11116287/4000000,11116287/4000000,32409/112,sqrt(11116287/4000000),1.66705481313603,1911/250,833/50,34,NO,YES,YES,YES
open,8,10,6,4,1960,1960,35,196,14063/1000,160,36,661647/200000,661647/200000,9645/28,sqrt(661647/200000),1.81885540931653,1274/125,2597/125,38,NO,YES,YES,YES
open,8,11,6,5,1568,1568,77/2,232,34153/2000,187,45,14063343/4000000,14063343/4000000,41001/112,sqrt(14063343/4000000),1.87505619915777,3381/250,6027/250,31,NO,YES,YES,YES
open,8,12,6,6,784,784,42,270,10143/500,216,54,1674183/500000,1674183/500000,4881/14,sqrt(1674183/500000),1.82985409254399,2107/125,686/25,24,NO,YES,YES,YES
open,8,13,6,7,224,224,91/2,310,47383/2000,247,63,11140983/4000000,11140983/4000000,32481/112,sqrt(11140983/4000000),1.66890555454765,5243/250,14553/500,12,NO,YES,YES,YES
open,8,14,6,8,28,28,49,352,27293/1000,280,72,1838823/1000000,1838823/1000000,5361/28,sqrt(1838823/1000000),1.35603207926656,3234/125,7693/250,5,NO,YES,YES,YES
open,8,7,7,0,8,8,49/2,91,10633/2000,91,0,583443/4000000,583443/4000000,243/16,sqrt(583443/4000000),0.381917203068937,637/125,2989/500,2,NO,YES,YES,YES
open,8,8,7,1,64,64,28,245/2,7889/1000,112,21/2,1750329/2000000,1750329/2000000,729/8,sqrt(1750329/2000000),0.935502271509802,2989/500,931/100,7,NO,YES,YES,YES
open,8,9,7,2,224,224,63/2,156,4263/400,135,21,6679239/4000000,6679239/4000000,19473/112,sqrt(6679239/4000000),1.29221118630044,1911/250,6713/500,13,NO,YES,YES,YES
open,8,10,7,3,448,448,35,383/2,6811/500,160,63/2,947709/400000,947709/400000,13815/56,sqrt(947709/400000),1.53924413268331,1274/125,8771/500,18,NO,YES,YES,YES
open,8,11,7,4,560,560,77/2,229,6713/400,187,42,11383827/4000000,11383827/4000000,33189/112,sqrt(11383827/4000000),1.6869963692907,3381/250,10829/500,21,NO,YES,YES,YES
open,8,12,7,5,448,448,42,537/2,20139/1000,216,105/2,6010389/2000000,6010389/2000000,17523/56,sqrt(6010389/2000000),1.73354968201087,2107/125,12887/500,21,NO,YES,YES,YES
open,8,13,7,6,224,224,91/2,310,47383/2000,247,63,11140983/4000000,11140983/4000000,32481/112,sqrt(11140983/4000000),1.66890555454765,5243/250,14553/500,12,NO,YES,YES,YES
open,8,14,7,7,64,64,49,707/2,686/25,280,147/2,4314597/2000000,4314597/2000000,1797/8,sqrt(4314597/2000000),1.46877448915754,3234/125,7889/250,7,NO,YES,YES,YES
open,8,15,7,8,8,8,105/2,399,62769/2000,315,84,7203/6400,7203/6400,1875/16,sqrt(7203/6400),1.06088111963594,7693/250,16611/500,2,NO,YES,YES,YES
open,8,8,8,0,1,1,28,112,343/50,112,0,0,0,0,0,0,343/50,343/50,1,YES,YES,YES,YES
open,8,9,8,1,8,8,63/2,147,19551/2000,135,12,2081667/4000000,2081667/4000000,867/16,sqrt(2081667/4000000),0.721399161352437,4263/500,1274/125,2,NO,YES,YES,YES
open,8,10,8,2,28,28,35,184,12887/1000,160,24,229467/200000,229467/200000,3345/28,sqrt(229467/200000),1.07113724610808,1274/125,3577/250,5,NO,YES,YES,YES
open,8,11,8,3,56,56,77/2,223,32389/2000,187,36,1369599/800000,1369599/800000,19965/112,sqrt(1369599/800000),1.30843370103342,3381/250,2303/125,8,NO,YES,YES,YES
open,8,12,8,4,70,70,42,264,9849/500,216,48,103929/50000,103929/50000,1515/7,sqrt(103929/50000),1.44172812971101,2107/125,1127/50,10,NO,YES,YES,YES
open,8,13,8,5,56,56,91/2,307,9359/400,247,60,1715343/800000,1715343/800000,25005/112,sqrt(1715343/800000),1.46430145461923,5243/250,3332/125,8,NO,YES,YES,YES
open,8,14,8,6,28,28,49,352,27293/1000,280,72,1838823/1000000,1838823/1000000,5361/28,sqrt(1838823/1000000),1.35603207926656,3234/125,7693/250,5,NO,YES,YES,YES
open,8,15,8,7,8,8,105/2,399,62769/2000,315,84,7203/6400,7203/6400,1875/16,sqrt(7203/6400),1.06088111963594,7693/250,16611/500,2,NO,YES,YES,YES
open,8,16,8,8,1,1,56,448,4459/125,352,96,0,0,0,0,0,4459/125,4459/125,1,YES,YES,YES,YES
open,9,0,0,0,1,1,0,0,0,0,0,0,0,0,0,0,0,0,1,YES,YES,YES,YES
open,9,1,0,1,9,9,32/9,64/9,196/1125,64/9,0,16807/10125000,16807/10125000,14/81,sqrt(16807/10125000),0.0407424915448718,49/500,49/250,2,NO,YES,YES,YES
open,9,2,0,2,36,36,64/9,16,196/375,16,0,521017/4500000,521017/4500000,217/18,sqrt(521017/4500000),0.340266888714661,49/250,147/125,5,NO,YES,YES,YES
open,9,3,0,3,84,84,32/3,80/3,392/375,80/3,0,1169287/4500000,1169287/4500000,487/18,sqrt(1169287/4500000),0.509746560121356,49/125,539/250,8,NO,YES,YES,YES
open,9,4,0,4,126,126,128/9,352/9,392/225,352/9,0,1515031/4050000,1515031/4050000,3155/81,sqrt(1515031/4050000),0.611622210514842,147/250,392/125,11,NO,YES,YES,YES
open,9,5,0,5,126,126,160/9,160/3,196/75,160/3,0,189679/450000,189679/450000,395/9,sqrt(189679/450000),0.649237159202159,98/125,1029/250,11,NO,YES,YES,YES
open,9,6,0,6,84,84,64/3,208/3,1372/375,208/3,0,1745527/4500000,1745527/4500000,727/18,sqrt(1745527/4500000),0.622812081521296,637/250,637/125,8,NO,YES,YES,YES
open,9,7,0,7,36,36,224/9,784/9,5488/1125,784/9,0,11411953/40500000,11411953/40500000,4753/162,sqrt(11411953/40500000),0.530826353230461,539/125,1519/250,5,NO,YES,YES,YES
open,9,8,0,8,9,9,256/9,320/3,784/125,320/3,0,16807/125000,16807/125000,14,sqrt(16807/125000),0.366682423903846,1519/250,3479/500,2,NO,YES,YES,YES
open,9,9,0,9,1,1,32,128,196/25,128,0,0,0,0,0,0,196/25,196/25,1,YES,YES,YES,YES
open,9,1,1,0,9,9,32/9,64/9,196/1125,64/9,0,16807/10125000,16807/10125000,14/81,sqrt(16807/10125000),0.0407424915448718,49/500,49/250,2,NO,YES,YES,YES
open,9,2,1,1,81,81,64/9,1408/81,6664/10125,16,112/81,22000363/82012500,22000363/82012500,183260/6561,sqrt(22000363/82012500),0.517934568299979,49/250,49/25,7,NO,YES,YES,YES
open,9,3,1,2,324,324,32/3,2384/81,13328/10125,80/3,224/81,397704041/656100000,397704041/656100000,828205/13122,sqrt(397704041/656100000),0.778565191264823,49/125,931/250,12,NO,YES,YES,YES
open,9,4,1,3,756,756,128/9,1168/27,7252/3375,352/9,112/27,338183251/364500000,338183251/364500000,140851/1458,sqrt(338183251/364500000),0.963223968901376,147/250,686/125,22,NO,YES,YES,YES
open,9,5,1,4,1134,1134,160/9,4768/81,31948/10125,160/3,448/81,1916384561/1640250000,1916384561/1640250000,798161/6561,sqrt(1916384561/1640250000),1.08090197027722,98/125,1617/250,24,NO,YES,YES,YES
open,9,6,1,5,1134,1134,64/3,6176/81,43904/10125,208/3,560/81,2108963969/1640250000,2108963969/1640250000,878369/6561,sqrt(2108963969/1640250000),1.13391253630688,833/500,931/125,22,NO,YES,YES,YES
open,9,7,1,6,756,756,224/9,2576/27,19208/3375,784/9,224/27,91907879/72900000,91907879/72900000,191395/1458,sqrt(91907879/72900000),1.12282638058285,343/100,2107/250,18,NO,YES,YES,YES
open,9,8,1,7,324,324,256/9,9424/81,73108/10125,320/3,784/81,143918341/131220000,143918341/131220000,1498525/13122,sqrt(143918341/131220000),1.04726853477767,2597/500,1176/125,13,NO,YES,YES,YES
open,9,9,1,8,81,81,32,11264/81,90356/10125,128,896/81,336291263/410062500,336291263/410062500,560252/6561,sqrt(336291263/410062500),0.905592390542379,3479/500,1029/100,7,NO,YES,YES,YES
open,9,10,1,9,9,9,320/9,1472/9,12152/1125,1360/9,112/9,4857223/10125000,4857223/10125000,4046/81,sqrt(4857223/10125000),0.692622356262821,4753/500,2793/250,2,NO,YES,YES,YES
open,9,2,2,0,36,36,64/9,16,196/375,16,0,521017/4500000,521017/4500000,217/18,sqrt(521017/4500000),0.340266888714661,49/250,147/125,5,NO,YES,YES,YES
open,9,3,2,1,324,324,32/3,2384/81,13328/10125,80/3,224/81,397704041/656100000,397704041/656100000,828205/13122,sqrt(397704041/656100000),0.778565191264823,49/125,931/250,12,NO,YES,YES,YES
open,9,4,2,2,1296,1296,128/9,3616/81,23128/10125,352/9,448/81,1864350089/1640250000,1864350089/1640250000,776489/6561,sqrt(1864350089/1640250000),1.06612643183785,147/250,882/125,25,NO,YES,YES,YES
open,9,5,2,3,3024,3024,160/9,1664/27,11564/3375,160/3,224/27,36780919/22781250,36780919/22781250,122552/729,sqrt(36780919/22781250),1.27063997139231,98/125,441/50,34,NO,YES,YES,YES
open,9,6,2,4,4536,4536,64/3,6512/81,9604/2025,208/3,896/81,6462548407/3280500000,6462548407/3280500000,2691607/13122,sqrt(6462548407/3280500000),1.40356291105813,833/500,1323/125,42,NO,YES,YES,YES
open,9,7,2,5,4536,4536,224/9,8176/81,63112/10125,784/9,1120/81,7072440823/3280500000,7072440823/3280500000,2945623/13122,sqrt(7072440823/3280500000),1.46829946347255,637/250,2891/250,40,NO,YES,YES,YES
open,9,8,2,6,3024,3024,256/9,3328/27,26656/3375,320/3,448/27,4893238/2278125,4893238/2278125,163040/729,sqrt(4893238/2278125),1.4655795447264,539/125,1568/125,34,NO,YES,YES,YES
open,9,9,2,7,1296,1296,32,11936/81,98588/10125,128,1568/81,3189413969/1640250000,3189413969/1640250000,1328369/6561,sqrt(3189413969/1640250000),1.39444189639015,1519/250,3381/250,27,NO,YES,YES,YES
open,9,10,2,8,324,324,320/9,14032/81,118972/10125,1360/9,1792/81,5139631021/3280500000,5139631021/3280500000,2140621/13122,sqrt(5139631021/3280500000),1.2516875998364,1078/125,7203/500,13,NO,YES,YES,YES
open,9,11,2,9,36,36,352/9,1808/9,3136/225,176,224/9,42874657/40500000,42874657/40500000,17857/162,sqrt(42874657/40500000),1.02889917201485,2793/250,1911/125,5,NO,YES,YES,YES
open,9,3,3,0,84,84,32/3,80/3,392/375,80/3,0,1169287/4500000,1169287/4500000,487/18,sqrt(1169287/4500000),0.509746560121356,49/125,539/250,8,NO,YES,YES,YES
open,9,4,3,1,756,756,128/9,1168/27,7252/3375,352/9,112/27,338183251/364500000,338183251/364500000,140851/1458,sqrt(338183251/364500000),0.963223968901376,147/250,686/125,22,NO,YES,YES,YES
open,9,5,3,2,3024,3024,160/9,1664/27,11564/3375,160/3,224/27,36780919/22781250,36780919/22781250,122552/729,sqrt(36780919/22781250),1.27063997139231,98/125,441/50,34,NO,YES,YES,YES
open,9,6,3,3,7056,7056,64/3,736/9,5488/1125,208/3,112/9,45001943/20250000,45001943/20250000,18743/81,sqrt(45001943/20250000),1.49074416746788,833/500,1519/125,45,NO,YES,YES,YES
open,9,7,3,4,10584,10584,224/9,2800/27,21952/3375,784/9,448/27,195098057/72900000,195098057/72900000,406285/1458,sqrt(195098057/72900000),1.6359224335233,637/250,3479/250,50,NO,YES,YES,YES
open,9,8,3,5,10584,10584,256/9,3440/27,28028/3375,320/3,560/27,1065844717/364500000,1065844717/364500000,443917/1458,sqrt(1065844717/364500000),1.71000823604816,539/125,392/25,53,NO,YES,YES,YES
open,9,9,3,6,7056,7056,32,1376/9,11564/1125,128,224/9,59465567/20250000,59465567/20250000,24767/81,sqrt(59465567/20250000),1.71364267275198,1519/250,833/50,47,NO,YES,YES,YES
open,9,10,3,7,3024,3024,320/9,4864/27,41944/3375,1360/9,784/27,30833642/11390625,30833642/11390625,205472/729,sqrt(30833642/11390625),1.64527551905682,1078/125,441/25,34,NO,YES,YES,YES
open,9,11,3,8,756,756,352/9,5648/27,49784/3375,176,896/27,820611379/364500000,820611379/364500000,341779/1458,sqrt(820611379/364500000),1.50044472511114,2793/250,9261/500,18,NO,YES,YES,YES
open,9,12,3,9,84,84,128/3,240,2156/125,608/3,112/3,160867/100000,160867/100000,335/2,sqrt(160867/100000),1.26833355234339,1813/125,4851/250,8,NO,YES,YES,YES
open,9,4,4,0,126,126,128/9,352/9,392/225,352/9,0,1515031/4050000,1515031/4050000,3155/81,sqrt(1515031/4050000),0.611622210514842,147/250,392/125,11,NO,YES,YES,YES
open,9,5,4,1,1134,1134,160/9,4768/81,31948/10125,160/3,448/81,1916384561/1640250000,1916384561/1640250000,798161/6561,sqrt(1916384561/1640250000),1.08090197027722,98/125,1617/250,24,NO,YES,YES,YES
open,9,6,4,2,4536,4536,64/3,6512/81,9604/2025,208/3,896/81,6462548407/3280500000,6462548407/3280500000,2691607/13122,sqrt(6462548407/3280500000),1.40356291105813,833/500,1323/125,42,NO,YES,YES,YES
open,9,7,4,3,10584,10584,224/9,2800/27,21952/3375,784/9,448/27,195098057/72900000,195098057/72900000,406285/1458,sqrt(195098057/72900000),1.6359224335233,637/250,3479/250,50,NO,YES,YES,YES
open,9,8,4,4,15876,15876,256/9,10432/81,85456/10125,320/3,1792/81,105209419/32805000,105209419/32805000,2190950/6561,sqrt(105209419/32805000),1.79084207798177,539/125,2156/125,57,NO,YES,YES,YES
open,9,9,4,5,15876,15876,32,12608/81,21364/2025,128,2240/81,574969871/164025000,574969871/164025000,2394710/6561,sqrt(574969871/164025000),1.87226587079166,1519/250,4753/250,57,NO,YES,YES,YES
open,9,10,4,6,10584,10584,320/9,4976/27,43316/3375,1360/9,896/27,1289080093/364500000,1289080093/364500000,536893/1458,sqrt(1289080093/364500000),1.8805772783544,1078/125,2597/125,53,NO,YES,YES,YES
open,9,11,4,7,4536,4536,352/9,17392/81,30968/2025,176,3136/81,10789534567/3280500000,10789534567/3280500000,4493767/13122,sqrt(10789534567/3280500000),1.81355751920812,2793/250,5439/250,40,NO,YES,YES,YES
open,9,12,4,8,1134,1134,128/3,20000/81,181496/10125,608/3,3584/81,909914173/328050000,909914173/328050000,1894865/6561,sqrt(909914173/328050000),1.66544461187403,1813/125,11319/500,22,NO,YES,YES,YES
open,9,13,4,9,126,126,416/9,2528/9,23324/1125,2080/9,448/9,1639883/810000,1639883/810000,17075/81,sqrt(1639883/810000),1.42286573982939,4459/250,588/25,11,NO,YES,YES,YES
open,9,5,5,0,126,126,160/9,160/3,196/75,160/3,0,189679/450000,189679/450000,395/9,sqrt(189679/450000),0.649237159202159,98/125,1029/250,11,NO,YES,YES,YES
open,9,6,5,1,1134,1134,64/3,6176/81,43904/10125,208/3,560/81,2108963969/1640250000,2108963969/1640250000,878369/6561,sqrt(2108963969/1640250000),1.13391253630688,833/500,931/125,22,NO,YES,YES,YES
open,9,7,5,2,4536,4536,224/9,8176/81,63112/10125,784/9,1120/81,7072440823/3280500000,7072440823/3280500000,2945623/13122,sqrt(7072440823/3280500000),1.46829946347255,637/250,2891/250,40,NO,YES,YES,YES
open,9,8,5,3,10584,10584,256/9,3440/27,28028/3375,320/3,560/27,1065844717/364500000,1065844717/364500000,443917/1458,sqrt(1065844717/364500000),1.71000823604816,539/125,392/25,53,NO,YES,YES,YES
open,9,9,5,4,15876,15876,32,12608/81,21364/2025,128,2240/81,574969871/164025000,574969871/164025000,2394710/6561,sqrt(574969871/164025000),1.87226587079166,1519/250,4753/250,57,NO,YES,YES,YES
open,9,10,5,5,15876,15876,320/9,15040/81,26264/2025,1360/9,2800/81,629424551/164025000,629424551/164025000,2621510/6561,sqrt(629424551/164025000),1.9589205227339,196/25,2793/125,57,NO,YES,YES,YES
open,9,11,5,6,10584,10584,352/9,5872/27,52528/3375,176,1120/27,1414469917/364500000,1414469917/364500000,589117/1458,sqrt(1414469917/364500000),1.96991774040899,2793/250,6027/250,50,NO,YES,YES,YES
open,9,12,5,7,4536,4536,128/3,20336/81,185612/10125,608/3,3920/81,11869638823/3280500000,11869638823/3280500000,4943623/13122,sqrt(11869638823/3280500000),1.90216738564025,1813/125,3234/125,42,NO,YES,YES,YES
open,9,13,5,8,1134,1134,416/9,23200/81,215404/10125,2080/9,4480/81,5013213569/1640250000,5013213569/1640250000,2087969/6561,sqrt(5013213569/1640250000),1.74824816080654,4459/250,13377/500,24,NO,YES,YES,YES
open,9,14,5,9,126,126,448/9,2912/9,5488/225,784/3,560/9,9006151/4050000,9006151/4050000,18755/81,sqrt(9006151/4050000),1.49122130740354,2646/125,6909/250,11,NO,YES,YES,YES
open,9,6,6,0,84,84,64/3,208/3,1372/375,208/3,0,1745527/4500000,1745527/4500000,727/18,sqrt(1745527/4500000),0.622812081521296,637/250,637/125,8,NO,YES,YES,YES
open,9,7,6,1,756,756,224/9,2576/27,19208/3375,784/9,224/27,91907879/72900000,91907879/72900000,191395/1458,sqrt(91907879/72900000),1.12282638058285,343/100,2107/250,18,NO,YES,YES,YES
open,9,8,6,2,3024,3024,256/9,3328/27,26656/3375,320/3,448/27,4893238/2278125,4893238/2278125,163040/729,sqrt(4893238/2278125),1.4655795447264,539/125,1568/125,34,NO,YES,YES,YES
open,9,9,6,3,7056,7056,32,1376/9,11564/1125,128,224/9,59465567/20250000,59465567/20250000,24767/81,sqrt(59465567/20250000),1.71364267275198,1519/250,833/50,47,NO,YES,YES,YES
open,9,10,6,4,10584,10584,320/9,4976/27,43316/3375,1360/9,896/27,1289080093/364500000,1289080093/364500000,536893/1458,sqrt(1289080093/364500000),1.8805772783544,1078/125,2597/125,53,NO,YES,YES,YES
open,9,11,6,5,10584,10584,352/9,5872/27,52528/3375,176,1120/27,1414469917/364500000,1414469917/364500000,589117/1458,sqrt(1414469917/364500000),1.96991774040899,2793/250,6027/250,50,NO,YES,YES,YES
open,9,12,6,6,7056,7056,128/3,2272/9,20776/1125,608/3,448/9,15892219/4050000,15892219/4050000,33095/81,sqrt(15892219/4050000),1.98091006644876,1813/125,686/25,45,NO,YES,YES,YES
open,9,13,6,7,3024,3024,416/9,7808/27,72716/3375,2080/9,1568/27,16607717/4556250,16607717/4556250,276680/729,sqrt(16607717/4556250),1.90919898600842,4459/250,7301/250,34,NO,YES,YES,YES
open,9,14,6,8,756,756,448/9,8848/27,83692/3375,784/3,1792/27,1109768611/364500000,1109768611/364500000,462211/1458,sqrt(1109768611/364500000),1.74488758309543,2646/125,3087/100,22,NO,YES,YES,YES
open,9,15,6,9,84,84,160/3,368,3528/125,880/3,224/3,1073247/500000,1073247/500000,447/2,sqrt(1073247/500000),1.46509180599715,6517/250,3969/125,8,NO,YES,YES,YES
open,9,7,7,0,36,36,224/9,784/9,5488/1125,784/9,0,11411953/40500000,11411953/40500000,4753/162,sqrt(11411953/40500000),0.530826353230461,539/125,1519/250,5,NO,YES,YES,YES
open,9,8,7,1,324,324,256/9,9424/81,73108/10125,320/3,784/81,143918341/131220000,143918341/131220000,1498525/13122,sqrt(143918341/131220000),1.04726853477767,2597/500,1176/125,13,NO,YES,YES,YES
open,9,9,7,2,1296,1296,32,11936/81,98588/10125,128,1568/81,3189413969/1640250000,3189413969/1640250000,1328369/6561,sqrt(3189413969/1640250000),1.39444189639015,1519/250,3381/250,27,NO,YES,YES,YES
open,9,10,7,3,3024,3024,320/9,4864/27,41944/3375,1360/9,784/27,30833642/11390625,30833642/11390625,205472/729,sqrt(30833642/11390625),1.64527551905682,1078/125,441/25,34,NO,YES,YES,YES
open,9,11,7,4,4536,4536,352/9,17392/81,30968/2025,176,3136/81,10789534567/3280500000,10789534567/3280500000,4493767/13122,sqrt(10789534567/3280500000),1.81355751920812,2793/250,5439/250,40,NO,YES,YES,YES
open,9,12,7,5,4536,4536,128/3,20336/81,185612/10125,608/3,3920/81,11869638823/3280500000,11869638823/3280500000,4943623/13122,sqrt(11869638823/3280500000),1.90216738564025,1813/125,3234/125,42,NO,YES,YES,YES
open,9,13,7,6,3024,3024,416/9,7808/27,72716/3375,2080/9,1568/27,16607717/4556250,16607717/4556250,276680/729,sqrt(16607717/4556250),1.90919898600842,4459/250,7301/250,34,NO,YES,YES,YES
open,9,14,7,7,1296,1296,448/9,26656/81,252448/10125,784/3,5488/81,5482561049/1640250000,5482561049/1640250000,2283449/6561,sqrt(5482561049/1640250000),1.82825476891931,2646/125,4067/125,25,NO,YES,YES,YES
open,9,15,7,8,324,324,160/3,30032/81,288512/10125,880/3,6272/81,8878852381/3280500000,8878852381/3280500000,3697981/13122,sqrt(8878852381/3280500000),1.64516096622363,6517/250,17101/500,12,NO,YES,YES,YES
open,9,16,7,9,36,36,512/9,3728/9,7252/225,2944/9,784/9,71110417/40500000,71110417/40500000,29617/162,sqrt(71110417/40500000),1.32507085298564,3871/125,8967/250,5,NO,YES,YES,YES
open,9,8,8,0,9,9,256/9,320/3,784/125,320/3,0,16807/125000,16807/125000,14,sqrt(16807/125000),0.366682423903846,1519/250,3479/500,2,NO,YES,YES,YES
open,9,9,8,1,81,81,32,11264/81,90356/10125,128,896/81,336291263/410062500,336291263/410062500,560252/6561,sqrt(336291263/410062500),0.905592390542379,3479/500,1029/100,7,NO,YES,YES,YES
open,9,10,8,2,324,324,320/9,14032/81,118972/10125,1360/9,1792/81,5139631021/3280500000,5139631021/3280500000,2140621/13122,sqrt(5139631021/3280500000),1.2516875998364,1078/125,7203/500,13,NO,YES,YES,YES
open,9,11,8,3,756,756,352/9,5648/27,49784/3375,176,896/27,820611379/364500000,820611379/364500000,341779/1458,sqrt(820611379/364500000),1.50044472511114,2793/250,9261/500,18,NO,YES,YES,YES
open,9,12,8,4,1134,1134,128/3,20000/81,181496/10125,608/3,3584/81,909914173/328050000,909914173/328050000,1894865/6561,sqrt(909914173/328050000),1.66544461187403,1813/125,11319/500,22,NO,YES,YES,YES
open,9,13,8,5,1134,1134,416/9,23200/81,215404/10125,2080/9,4480/81,5013213569/1640250000,5013213569/1640250000,2087969/6561,sqrt(5013213569/1640250000),1.74824816080654,4459/250,13377/500,24,NO,YES,YES,YES
open,9,14,8,6,756,756,448/9,8848/27,83692/3375,784/3,1792/27,1109768611/364500000,1109768611/364500000,462211/1458,sqrt(1109768611/364500000),1.74488758309543,2646/125,3087/100,22,NO,YES,YES,YES
open,9,15,8,7,324,324,160/3,30032/81,288512/10125,880/3,6272/81,8878852381/3280500000,8878852381/3280500000,3697981/13122,sqrt(8878852381/3280500000),1.64516096622363,6517/250,17101/500,12,NO,YES,YES,YES
open,9,16,8,8,81,81,512/9,33664/81,327712/10125,2944/9,7168/81,833644007/410062500,833644007/410062500,1388828/6561,sqrt(833644007/410062500),1.42582192512614,3871/125,9163/250,7,NO,YES,YES,YES
open,9,17,8,9,9,9,544/9,4160/9,40964/1125,1088/3,896/9,16807/16200,16807/16200,8750/81,sqrt(16807/16200),1.0185622886218,8967/250,19159/500,2,NO,YES,YES,YES
open,9,9,9,0,1,1,32,128,196/25,128,0,0,0,0,0,0,196/25,196/25,1,YES,YES,YES,YES
open,9,10,9,1,9,9,320/9,1472/9,12152/1125,1360/9,112/9,4857223/10125000,4857223/10125000,4046/81,sqrt(4857223/10125000),0.692622356262821,4753/500,2793/250,2,NO,YES,YES,YES
open,9,11,9,2,36,36,352/9,1808/9,3136/225,176,224/9,42874657/40500000,42874657/40500000,17857/162,sqrt(42874657/40500000),1.02889917201485,2793/250,1911/125,5,NO,YES,YES,YES
open,9,12,9,3,84,84,128/3,240,2156/125,608/3,112/3,160867/100000,160867/100000,335/2,sqrt(160867/100000),1.26833355234339,1813/125,4851/250,8,NO,YES,YES,YES
open,9,13,9,4,126,126,416/9,2528/9,23324/1125,2080/9,448/9,1639883/810000,1639883/810000,17075/81,sqrt(1639883/810000),1.42286573982939,4459/250,588/25,11,NO,YES,YES,YES
open,9,14,9,5,126,126,448/9,2912/9,5488/225,784/3,560/9,9006151/4050000,9006151/4050000,18755/81,sqrt(9006151/4050000),1.49122130740354,2646/125,6909/250,11,NO,YES,YES,YES
open,9,15,9,6,84,84,160/3,368,3528/125,880/3,224/3,1073247/500000,1073247/500000,447/2,sqrt(1073247/500000),1.46509180599715,6517/250,3969/125,8,NO,YES,YES,YES
open,9,16,9,7,36,36,512/9,3728/9,7252/225,2944/9,784/9,71110417/40500000,71110417/40500000,29617/162,sqrt(71110417/40500000),1.32507085298564,3871/125,8967/250,5,NO,YES,YES,YES
open,9,17,9,8,9,9,544/9,4160/9,40964/1125,1088/3,896/9,16807/16200,16807/16200,8750/81,sqrt(16807/16200),1.0185622886218,8967/250,19159/500,2,NO,YES,YES,YES
open,9,18,9,9,1,1,64,512,5096/125,400,112,0,0,0,0,0,5096/125,5096/125,1,YES,YES,YES,YES
