M,t,noise_energy,sqrt_t_times_energy,energy_over_q2,scaled_by_min_profile
15,0.0002,0.38367713469428766,0.0054260140745711035,0.7830145606005872,0.20217349020293282
15,0.00024025846567915957,0.38343045480256943,0.005943276758169378,0.7825111322501418,0.20204350556178058
15,0.0002886206516525192,0.3831344217873489,0.006509009019333359,0.7819069832394877,0.20188751495798785
15,0.0003467177746467672,0.38277923435652583,0.007127486816534752,0.7811821109316854,0.20170035373290485
15,0.00041650940280162405,0.382353176875729,0.00780327851517027,0.7803126058688348,0.20147584849104727
15,0.0005003495502903061,0.3818422596919955,0.008541236520729453,0.7792699177387664,0.20120662757351107
15,0.0006010660762800316,0.38122979821743486,0.009346477136394042,0.778019996362112,0.20088389926178768
15,0.0007220560662941654,0.3804959232365663,0.01022434436455907,0.7765222923195231,0.20049719374082137
15,0.0008674004131108275,0.37961701539548487,0.011180352146417542,0.7747286028479284,0.20003406511070446
15,0.001042001461917383,0.37856505823678543,0.012220098034252716,0.7725817515036438,0.19947975047715796
15,0.001251748362378558,0.3773069069477951,0.013349139496015574,0.7700140958118269,0.19881678462827784
15,0.0015037157048073632,0.37580347487140936,0.014572821967004561,0.766945867084509,0.19802457137739404
15,0.0018064021402733653,0.3740088477167951,0.015896045446907023,0.763283362687337,0.19707891680835013
15,0.0021700170331081414,0.3718693475340653,0.017322954040897873,0.7589170357838069,0.19595153604958548
15,0.0026068248143610202,0.3693225864627814,0.018856530659161496,0.753719564209758,0.19460955465967364
15,0.003131558650963693,0.3662965759591931,0.020498077652300762,0.747544032569782,0.19301503924663335
15,0.003761917383324174,0.3627089928429077,0.02224656435220564,0.7402224343732811,0.19112461072112202
15,0.004519162492646119,0.3584667512653479,0.024097825686205363,0.7315647985007101,0.188889218750989
15,0.005428835233189814,0.35346609118704175,0.02604360427268714,0.721359369769473,0.1862541883831898
15,0.006521618117755736,0.347593469068954,0.02807044452198347,0.7093744266713348,0.1831596893815676
15,0.007834369813586999,0.3407276215828694,0.030158474906562784,0.6953624930262642,0.17954182367119947
15,0.00941136835487768,0.33274325807134486,0.03228015791196122,0.6790678736149895,0.17533457103035585
15,0.01130580460442153,0.3235169014009315,0.034399150054173676,0.6602385742876153,0.17047286684931084
15,0.013581576337633463,0.31293540305294987,0.036469498232581526,0.6386436796998978,0.16489708904255518
15,0.016315443461920966,0.3009075492842541,0.03843549910095465,0.6140970393556208,0.15855917375863998
15,0.019599617065181024,0.28737887114352495,0.040232648931830935,0.5864874921296428,0.15143041931847068
15,0.02354486961989732,0.2723491780986201,0.04179017732196599,0.5558146491808574,0.14351072532370523
15,0.028284271247461905,0.25589137300891884,0.0430356276515102,0.5222272918549364,0.1348385069526113
15,0.03397767806384183,0.2381687694840411,0.04390173272380432,0.48605871323273697,0.12549982010862645
15,0.04081712399479533,0.2194465899984185,0.04433533935879872,0.44785018367024193,0.11563442019671866
15,0.04903329792212767,0.20009204159755578,0.044307308353227645,0.4083511053011343,0.10543580201577896
15,0.05890332462979752,0.18055719137341641,0.043821243227782754,0.3684840640273805,0.09514217622139147
15,0.070760111994783,0.16134091082759658,0.0429179293165035,0.32926716495427877,0.08758761085000714
15,0.08500357969576029,0.1429313129956656,0.041672157981567697,0.2916965571340115,0.08504522037054632
15,0.10211414817469754,0.12573805200105964,0.04017997731177654,0.25660826938991765,0.08199995369750315
15,0.1226689428229359,0.11003197813067869,0.038537739071789444,0.22455505740954837,0.07864844708528458
15,0.1473612599456155,0.09591293028884207,0.036818731563908975,0.1957406740588614,0.07514026849777343
15,0.17702395107540686,0.08331985257733376,0.0350561733455725,0.17004051546394647,0.07154321090933163
15,0.21265751436919905,0.07208072084834327,0.033239883107657006,0.14710351193539445,0.06783649613807553
15,0.25546384058743793,0.061981252265170546,0.03132745140182217,0.12649235156157257,0.06393357428943301
15,0.3068867518802159,0.05282420925313332,0.02926321748073938,0.10780450867986392,0.059720852001508944
15,0.36866070072000806,0.04446159559010862,0.026995940747362904,0.09073795018389516,0.055093756627271236
15,0.44286927155596484,0.0368012156275912,0.02449062895404254,0.07510452168896165,0.049980875416413356
15,0.5320154584024153,0.02980069933672572,0.02173644825158006,0.06081775374841984,0.04436009847261237
15,0.6391060887667952,0.02345985356931291,0.018754771383886617,0.04787725218227125,0.038275043640584934
15,0.767753241466594,0.017813563684036096,0.01560851694087076,0.03635421160007367,0.03185411620585869
15,0.9222960790748258,0.012921473768619041,0.012409298500061292,0.02637035462983478,0.02532509897971693
15,1.1079472043021112,0.008849747307618925,0.009315161808252963,0.018060708791059032,0.019010534302557072
15,1.3309684767956977,0.00564365307312819,0.006510947503487983,0.011517659332914676,0.013287647966302007
15,1.598882220511312,0.003296865517505133,0.004168784724517043,0.006728296974500272,0.008507723927585802
15,1.9207249455086755,0.0017308892672774918,0.0023988432669209995,0.0035324270760765143,0.004895598503920407
15,2.3073521419980083,0.0007986644727488336,0.0012131690054095336,0.001629927495405783,0.002475855113080681
15,2.771804427089819,0.00031544734164042526,0.0005251799818977835,0.0006437700849804598,0.0010717958814240483
15,3.329747394076502,0.00010334764220166633,0.00018858459647600457,0.00021091355551360478,0.0003848665234204175
15,4.0,2.7047442027063122e-05,5.4094884054126245e-05,5.519886127972066e-05,0.00011039772255944132
31,0.0002,0.5451091221757993,0.007709007135543079,1.1124675962771415,0.1998050786243563
31,0.00024025846567915957,0.5444096418906663,0.008438498118878243,1.111040085491156,0.19954869011849288
31,0.0002886206516525192,0.5435711073630556,0.009234642045393947,1.1093287905368483,0.19924133247136758
31,0.0003467177746467672,0.5425662951523477,0.010102779275096618,1.1072781533721383,0.1988730271640525
31,0.00041650940280162405,0.5413628371623636,0.011048437025315192,1.1048221166578849,0.19843190994820017
31,0.0005003495502903061,0.539922330187387,0.012077249722630762,1.1018823065048715,0.19790390445776684
31,0.0006010660762800316,0.5381993280599902,0.013194843997127201,1.0983659756326332,0.19727235278943236
31,0.0007220560662941654,0.5361402184070235,0.014406677932460229,1.094163711034742,0.1965176037871317
31,0.0008674004131108275,0.533681996532626,0.01571782194541987,1.089146931699237,0.19561656361937665
31,0.001042001461917383,0.5307509651831347,0.017132666328267914,1.083165235067622,0.1945422191892229
31,0.001251748362378558,0.5272614130668499,0.018654538319568918,1.0760437001364285,0.19326315375701167
31,0.0015037157048073632,0.523114359657654,0.02028521006699864,1.067580325831947,0.1917430868588896
31,0.0018064021402733653,0.5181965020526954,0.022024278830150238,1.0575438817401948,0.18994048828651564
31,0.0021700170331081414,0.5123795645846727,0.023868403533804206,1.0456725807850464,0.18780833969301547
31,0.0026068248143610202,0.5055203359164948,0.02581038924354991,1.0316741549316222,0.1852941481897118
31,0.003131558650963693,0.49746178174722633,0.027838125990133543,1.0152281260147478,0.18234035419895547
31,0.003761917383324174,0.4880357396962876,0.029933414124176546,0.9959913055026279,0.17888531924084133
31,0.004519162492646119,0.4770678235254411,0.032070749131496316,0.9736078031131452,0.17486512353376124
31,0.005428835233189814,0.46438525951508647,0.03421619847115738,0.9477250194185439,0.1702164383509987
31,0.006521618117755736,0.4498284000680173,0.03632658341465271,0.9180171429959537,0.1648807462335453
31,0.007834369813586999,0.4332665314706961,0.038349276634839835,0.884217411164686,0.15881013518956646
31,0.00941136835487768,0.41461820554574363,0.04022302728466069,0.8461596031545789,0.15197475108743416
31,0.01130580460442153,0.39387554752501736,0.041880297453738766,0.8038276480102396,0.1443717074983512
31,0.013581576337633463,0.3711307062329747,0.04325158004807158,0.7574096045570914,0.13603478078445655
31,0.016315443461920966,0.3466007898408762,0.04427198446169483,0.7073485506956658,0.12704355008589657
31,0.019599617065181024,0.32064546800794536,0.044889926996419534,0.6543785061386641,0.11752984923486455
31,0.02354486961989732,0.2937695142642558,0.04507698601699312,0.5995296209474609,0.10767869864426659
31,0.028284271247461905,0.26660203347182715,0.04483693884916206,0.5440857825955657,0.09772069131155077
31,0.03397767806384183,0.23984651227839526,0.0442109916409016,0.48948267811917406,0.09022651355286042
31,0.04081712399479533,0.2142024948531729,0.043275861798012884,0.4371479486799447,0.08831808530206713
31,0.04903329792212767,0.19027048292603183,0.042132475086026654,0.3883071080123099,0.08598464303270748
31,0.05890332462979752,0.1684633840666174,0.040886075331616624,0.34380282462574985,0.08344097006452374
31,0.070760111994783,0.14895377678824778,0.039622855919385344,0.30398729956785264,0.08086297126405173
31,0.08500357969576029,0.13167900593800502,0.03839150584498401,0.26873266517960215,0.07835001192853881
31,0.10211414817469754,0.11640406906170044,0.03719727464728161,0.23755932461571522,0.07591280540261554
31,0.1226689428229359,0.10281549330039817,0.036010228305105,0.2098275373477514,0.07349026184715307
31,0.1473612599456155,0.09060630282219982,0.03478164134452385,0.1849108220861221,0.07098294151943645
31,0.17702395107540686,0.07952389695677235,0.03345905484223633,0.1622936672587191,0.06828378539231905
31,0.21265751436919905,0.06937949089288017,0.03199421620935546,0.14159079774057182,0.065294318794603
31,0.25546384058743793,0.06003705429017651,0.030344787042015868,0.12252460059219697,0.06192813682044055
31,0.3068867518802159,0.051399847305474734,0.028474158561828063,0.10489764756219334,0.05811052767720013
31,0.36866070072000806,0.043402311638708786,0.026352770694487333,0.08857614620144652,0.05378116468262722
31,0.44286927155596484,0.03600721883284107,0.023962236601797915,0.0734841200670226,0.04890252367713861
31,0.5320154584024153,0.029205744850165218,0.021302492079510287,0.059603560918704536,0.04347447363165365
31,0.6391060887667952,0.023018079096887054,0.018401598709167886,0.04697567162630012,0.03755428307993446
31,0.767753241466594,0.017491788258460456,0.01532657239174305,0.035697527058082566,0.03127871916682255
31,0.9222960790748258,0.012694390457446471,0.01219121620982236,0.025906919300911168,0.02488003308127013
31,1.1079472043021112,0.008696756218169626,0.009154124808675113,0.0177484820778972,0.018681887364643088
31,1.3309684767956977,0.005546931876318052,0.00639936257316974,0.011320269135342963,0.013059923618713758
31,1.598882220511312,0.003240585905217464,0.0040976208912454565,0.006613440622892785,0.008362491614786648
31,1.9207249455086755,0.0017013856201969354,0.002357954097124409,0.0034722155514223174,0.004812151218621242
31,2.3073521419980083,0.0007850569853395129,0.0011924992717106365,0.0016021571129377816,0.002433671983082932
31,2.771804427089819,0.00031007335710610007,0.0005162329763982952,0.0006328027696042859,0.0010535366865271332
31,3.329747394076502,0.00010158703348543344,0.00018537190891749185,0.00020732047650088458,0.000378310018198963
31,4.0,2.658666835158292e-05,5.317333670316584e-05,5.425850683996515e-05,0.0001085170136799303
63,0.0002,0.769002951442703,0.010875344034352093,1.5693937784544962,0.19772503080583786
63,0.00024025846567915957,0.7670376194080832,0.011889292566541016,1.5653828967511905,0.1972197072094071
63,0.0002886206516525192,0.7646865719250439,0.012991137080305975,1.5605848406633551,0.19661520896250462
63,0.0003467177746467672,0.7618764765595685,0.014186413616806729,1.5548499521623849,0.19589268092582598
63,0.00041650940280162405,0.758521095835537,0.01548032481069357,1.548002236399055,0.19502994983255803
63,0.0005003495502903061,0.7545194738510399,0.016877464770024168,1.5398356609204897,0.19400105803354267
63,0.0006010660762800316,0.749754078250225,0.01838145754358674,1.5301103637759697,0.19277578576351379
63,0.0007220560662941654,0.7440890115205722,0.019994490944757557,1.5185490031032087,0.1913191912321972
63,0.0008674004131108275,0.7373684700226741,0.021716727180761345,1.5048336122911719,0.1895912144120682
63,0.001042001461917383,0.7294157164126966,0.023545573920117534,1.4886035028830547,0.18754641282896112
63,0.001251748362378558,0.7200329448625855,0.02547480590920498,1.469454989515481,0.18513392690766609
63,0.0015037157048073632,0.7090025598339963,0.027493540559056135,1.446943999661217,0.18229780876860513
63,0.0018064021402733653,0.6960905534574787,0.02958509441814432,1.4205929662397527,0.17897789061514102
63,0.0021700170331081414,0.6810528382255033,0.03172578512920509,1.3899037514806192,0.17511141298730673
63,0.0026068248143610202,0.6636455366549863,0.03388379933273196,1.354378646234666,0.1706356704263454
63,0.003131558650963693,0.6436402854299077,0.03601832344826797,1.313551602918179,0.16549194645579843
63,0.003761917383324174,0.6208454772113657,0.03807922917295967,1.2670315861456445,0.15963097524786127
63,0.004519162492646119,0.5951338929730061,0.04000770716445147,1.2145589652510331,0.15302004641324635
63,0.005428835233189814,0.5664761895481305,0.0417383225105019,1.1560738562206747,0.14565161527539747
63,0.006521618117755736,0.5349780245696332,0.04320297213692235,1.0917918868768026,0.13755284838638016
63,0.007834369813586999,0.5009161511712873,0.0443370781189135,1.0222778595332396,0.12879490414916056
63,0.00941136835487768,0.4647658033848919,0.045087956439156564,0.948501639561004,0.11949997411502095
63,0.01130580460442153,0.42720884443305884,0.045424585486836075,0.8718547845572631,0.10984337806191975
63,0.013581576337633463,0.38911091510000645,0.04534699395490496,0.7941039083673602,0.10004768841354565
63,0.016315443461920966,0.3514583111298008,0.04489244498379679,0.7172618594485731,0.09161723466080977
63,0.019599617065181024,0.3152535957153586,0.04413507224954927,0.643374685133385,0.0900715760194883
63,0.02354486961989732,0.28138335438375534,0.04317641182999521,0.5742517436403171,0.08811512618366371
63,0.028284271247461905,0.2504883889408375,0.042126957664605696,0.5112007937568114,0.08597338298899124
63,0.03397767806384183,0.2228773017537897,0.04108305111956839,0.4548516362322239,0.08384296146850692
63,0.04081712399479533,0.19851799356109565,0.04010708306482422,0.405138762369583,0.08185118992821269
63,0.04903329792212767,0.17711361137971576,0.03921908802719046,0.361456349754522,0.08003895515753157
63,0.05890332462979752,0.15823109231800445,0.038402697394227976,0.32292059656735606,0.07837285182495506
63,0.070760111994783,0.14142672764738723,0.037620602669839125,0.2886259747905862,0.07677674014252883
63,0.08500357969576029,0.12632356819431376,0.036830107974649466,0.25780320039655874,0.07516348566254995
63,0.10211414817469754,0.11263178801657397,0.03599183075504167,0.22986079187055916,0.07345271582661565
63,0.1226689428229359,0.10013427159587632,0.03507115382695861,0.20435565631811495,0.07157378332032371
63,0.1473612599456155,0.0886645060879144,0.034036230976015415,0.1809479716079886,0.06946169586941922
63,0.17702395107540686,0.07809039850533814,0.03285592163148749,0.15936816021497582,0.06705290128875
63,0.21265751436919905,0.0683053222186686,0.031498865431110294,0.13939861677279308,0.06428339883900061
63,0.25546384058743793,0.05922384642363364,0.02993376388601847,0.12086499270129315,0.06108931405309893
63,0.3068867518802159,0.05078023785405513,0.028130911282098305,0.10363313847766355,0.05741002302469042
63,0.36866070072000806,0.04292883887658316,0.026065290174227342,0.08760987525833298,0.053194469743321114
63,0.44286927155596484,0.03564580993441675,0.023721724676279803,0.07274655088656481,0.04841168301281594
63,0.5320154584024153,0.02893158605131246,0.021102522324551072,0.059044053165943806,0.043066372090920554
63,0.6391060887667952,0.02281280305213792,0.018237492600044744,0.046556740922730454,0.037219372653152547
63,0.767753241466594,0.017341443592213575,0.015194838095803883,0.035390701208599135,0.031009873664905888
63,0.9222960790748258,0.012587920047797007,0.012088966023936233,0.02568963275060614,0.024671359232522932
63,1.1079472043021112,0.008624879853231933,0.0090784684146211,0.017601795618840683,0.018527486560451226
63,1.3309684767956977,0.005501443838067275,0.006346884111923132,0.011227436404218931,0.012952824718210475
63,1.598882220511312,0.0032141050794530016,0.004064136704112756,0.006559398121332657,0.008294156539005627
63,1.9207249455086755,0.0016875010358948118,0.0023387114210059448,0.003443879665091453,0.0047728804510325405
63,2.3073521419980083,0.0007786528855327129,0.0011827714627767813,0.0015890875214953327,0.0024138193117893498
63,2.771804427089819,0.00030754416506373144,0.0005120221910921971,0.0006276411531912887,0.001044943247126933
63,3.329747394076502,0.0001007584255135773,0.0001838598986124636,0.00020562943982362715,0.00037522428288257886
63,4.0,2.6369811066715198e-05,5.2739622133430396e-05,5.381594095248e-05,0.00010763188190496
