t,noise_energy,sqrt_t_times_energy,small_time_limit
1e-07,123.30655732533646,0.03899295715821831,0.038992961057514354
1.1674193588234575e-07,114.12287920326727,0.038992956505400675,0.038992961057514354
1.3628679593557754e-07,105.62318666293693,0.03899295574328875,0.038992961057514354
1.5910384392721534e-07,97.75653753405172,0.038992954853584526,0.038992961057514354
1.857409074638572e-07,90.47578373711761,0.03899295381492661,0.038992961057514354
2.168375310987433e-07,83.7372887055139,0.03899295260237724,0.038992961057514354
2.5314033152415694e-07,77.50066585351465,0.03899295118682368,0.038992961057514354
2.9552092352028877e-07,71.72853652278879,0.038992949534279064,0.038992961057514354
3.4499684705497157e-07,66.38630595665191,0.03899294760506651,0.038992961057514354
4.0275599798502936e-07,61.441955959391926,0.03899294535286646,0.038992961057514354
4.7018514892998567e-07,56.865852997988895,0.03899294272360459,0.038992961057514354
5.489032450921558e-07,52.630570596104434,0.03899293965415346,0.038992961057514354
6.408002744415996e-07,48.710724955873374,0.03899293607081687,0.038992961057514354
7.480826455225093e-07,45.08282282231233,0.03899293188756053,0.038992961057514354
8.733261623828438e-07,41.72512067853296,0.03899292700394626,0.038992961057514354
1.0195378685327302e-06,38.61749442785854,0.03899292130272071,0.038992961057514354
1.1902282447787145e-06,35.741318781795364,0.038992914646999964,0.038992961057514354
1.389495494373136e-06,33.079355630981155,0.038992906876983195,0.038992961057514354
1.622123939129173e-06,30.615650730071074,0.03899289780611586,0.038992961057514354
1.8936988889503603e-06,28.33543807735167,0.03899288721661063,0.038992961057514354
2.2107407427431232e-06,26.22505141598969,0.038992874854218436,0.038992961057514354
2.580861540418077e-06,24.27184232650672,0.038992860422124104,0.038992961057514354
3.012947724726992e-06,22.46410441957386,0.03899284357382005,0.038992961057514354
3.51737350096938e-06,20.791003174782038,0.03899282390478681,0.038992961057514354
4.106249917244294e-06,19.24251100488347,0.03899280094278081,0.038992961057514354
4.793715645558219e-06,17.80934715631691,0.038992774136496204,0.038992961057514354
5.596276445319553e-06,16.482922085815915,0.03899274284232839,0.038992961057514354
6.53320145959377e-06,15.255285979725953,0.03899270630892165,0.038992961057514354
7.626985859023451e-06,14.119081107485659,0.03899266365912981,0.038992961057514354
8.903890941296736e-06,13.067497723706728,0.038992613868956846,0.038992961057514354
1.0394574653722626e-05,12.09423325455534,0.03899255574297186,0.038992961057514354
1.213482767749143e-05,11.193454523822506,0.03899248788560828,0.038992961057514354
1.4166432746690193e-05,10.359762792288302,0.03899240866765819,0.038992961057514354
1.653816783395673e-05,9.588161400846579,0.03899231618715758,0.038992961057514354
1.9306977288832496e-05,8.874025823462063,0.03899220822372334,0.038992961057514354
2.2539339047347935e-05,8.213075950474698,0.038992082185246246,0.038992961057514354
2.6312860738959445e-05,7.601350436133847,0.03899193504565993,0.038992961057514354
3.0718143012686965e-05,7.035182956616337,0.038991763272292604,0.038992961057514354
3.586095482011829e-05,6.51118023623299,0.0389915627410574,0.038992961057514354
4.186477288289947e-05,6.02620171012559,0.03899132863744636,0.038992961057514354
4.8873746316244174e-05,5.577340701564446,0.03899105534095165,0.038992961057514354
5.70561575878102e-05,5.161907001034386,0.038990736290140965,0.038992961057514354
6.660846290809153e-05,4.777410742698491,0.03899036382514926,0.038992961057514354
7.776000906038044e-05,4.421547481604561,0.03898992900380822,0.038992961057514354
9.077853991937558e-05,4.092184382196045,0.03898942138700244,0.038992961057514354
0.00010597662486760708,3.7873474353494347,0.03898882878810423,0.038992961057514354
0.00012371916345321594,3.5052096273247964,0.038988136980477914,0.038992961057514354
0.00014443214647272805,3.2440799897211505,0.03898732935604078,0.038992961057514354
0.00016861288382868806,3.002393464808833,0.038986386526696205,0.038992961057514354
0.0001968419447286611,2.778701525497776,0.03898528585908706,0.038992961057514354
0.00022979709690469627,2.571663493723699,0.03898400093152411,0.038992961057514354
0.00026826957952797245,2.3800385052201025,0.03898250090008362,0.038992961057514354
0.00031318310052438447,2.2026780725181347,0.03898074975870005,0.038992961057514354
0.0003656160144085194,2.03851920160202,0.038978705475551254,0.038992961057514354
0.00042682721311638214,1.8865780209661323,0.03897631898508617,0.038992961057514354
0.0004982863514647301,1.7459438848911055,0.03897353301160926,0.038992961057514354
0.0005817091329374357,1.6157739155988147,0.03897028069633493,0.038992961057514354
0.0006790985029955707,1.495287951576818,0.03896648399516296,0.038992961057514354
0.0007927927389450598,1.3837638717976264,0.038962051809000656,0.038992961057514354
0.0009255215909791344,1.2805332678116497,0.0389568778021424,0.038992961057514354
0.0010804718223181285,1.1849774377783242,0.038950837856875274,0.038992961057514354
0.0012613637220374424,1.0965236784303736,0.03894378710394479,0.038992961057514354
0.0014725404276241208,1.0146418527529393,0.03893555645860636,0.038992961057514354
0.0017190722018585747,0.9388412128132981,0.03892594858049224,0.038992961057514354
0.0020068781676649667,0.8686674587079815,0.038914733162203306,0.038992961057514354
0.0023428684237322304,0.8037000160116708,0.038901641436122236,0.038992961057514354
0.0027351099530412105,0.7435495154249276,0.03888635977114004,0.038992961057514354
0.003193020307691027,0.6878554595335855,0.03886852221046251,0.038992961057514354
0.003727593720314938,0.6362840627191507,0.03884770177806145,0.038992961057514354
0.0043516650709244115,0.5885262513038411,0.03882340035427901,0.038992961057514354
0.005080218046913023,0.5442958119826193,0.03879503689019692,0.038992961057514354
0.005930744895010559,0.5033276774941966,0.03876193369527046,0.038992961057514354
0.00692366640267872,0.46537633931958333,0.03872330049307214,0.038992961057514354
0.008082822192522706,0.43021437797646184,0.03867821589556128,0.038992961057514354
0.00943604310147889,0.39763110220643155,0.038625605897045535,0.038992961057514354
0.011015819387358995,0.36743128903633904,0.038564218935188105,0.038992961057514354
0.01286008080610565,0.3394340173410382,0.03849259700879676,0.038992961057514354
0.015013107289081711,0.313471588150427,0.0384090422822535,0.038992961057514354
0.017526592085367585,0.28938852553686156,0.038311578547067834,0.038992961057514354
0.02046088289466011,0.2670406525002264,0.03819790685679573,0.038992961057514354
0.023886430789845956,0.24629423684953064,0.038065354609930074,0.038992961057514354
0.027885481717262916,0.22702520267797255,0.037910817338107965,0.038992961057514354
0.03255405118685032,0.2091184036639014,0.03773069248234059,0.038992961057514354
0.03800422956365882,0.1924669551309459,0.03752080453593216,0.038992961057514354
0.044366873309786066,0.17697162260430915,0.03727632114188305,0.038992961057514354
0.05179474679231213,0.16254026555748358,0.03699166011921133,0.038992961057514354
0.06046619009070436,0.14908733622268946,0.036660388053486176,0.038992961057514354
0.07058940086618738,0.1365334348301316,0.036275112166377105,0.038992961057514354
0.08240743309893649,0.12480492456465572,0.03582736889120605,0.038992961057514354
0.0962040327106476,0.1138336120336267,0.035307515240043864,0.038992961057514354
0.11231045018329516,0.10355650230468436,0.034704633105369594,0.038992961057514354
0.1311133937421563,0.09391564178214962,0.034006462732977895,0.038992961057514354
0.15306431405563564,0.08485806748417268,0.033199390596331695,0.038992961057514354
0.17869024337358286,0.07633588762125733,0.032268529892873016,0.038992961057514354
0.20860644934719566,0.06830652528208199,0.03119795010049642,0.038992961057514354
0.24353120734334124,0.06073316308044176,0.029971136483673125,0.038992961057514354
0.2843030459302665,0.05358542854867761,0.02857179099923677,0.038992961057514354
0.33190087959146775,0.04684035137395582,0.02698511952127909,0.038992961057514354
0.3874675120456128,0.04048359263702878,0.025199776745256898,0.038992961057514354
0.4523370744772096,0.03451087466609842,0.02321063696669941,0.038992961057514354
0.5280670574582637,0.028929403930297328,0.02102248364241254,0.038992961057514354
0.6164757056337161,0.02375885810385058,0.018654497161755438,0.038992961057514354
0.7196856730011514,0.019031211308483738,0.016144992958534447,0.038992961057514354
0.8401749869294327,0.014788386808054525,0.013555192063998208,0.038992961057514354
0.980836544540667,0.011076676833783706,0.010970029728908405,0.038992961057514354
1.1450475699382812,0.00793740280544678,0.008493568330940511,0.038992961057514354
1.3367506999197063,0.005394682870116203,0.006237220958847669,0.038992961057514354
1.5605486450070716,0.0034432120554803965,0.004301326658106645,0.038992961057514354
1.8218146985669748,0.0020405944146785317,0.002754284476941586,0.038992961057514354
2.126821747296208,0.0011084757083458289,0.0016165596202739859,0.038992961057514354
2.482892880560325,0.0005437677093628294,0.000856825544940639,0.038992961057514354
2.898577214651062,0.00023678055492159077,0.000403123829540091,0.038992961057514354
3.3838551534282333,8.970925656506583e-05,0.00016502249157383534,0.038992961057514354
3.9503780135666404,2.889092827047744e-05,5.7422331727605854e-05,0.038992961057514354
4.611747767708251,7.696672350140124e-06,1.6528588671588223e-05,0.038992961057514354
5.383843622033489,1.643119155957717e-06,3.812547623715472e-06,0.038992961057514354
6.285203269240097,2.7086819687802785e-07,6.790749035130811e-07,0.038992961057514354
7.337467970651374,3.301965338642024e-08,8.944284798875796e-08,0.038992961057514354
8.565902153685482,2.8298807565950424e-09,8.282371194392912e-09,0.038992961057514354
10.0,1.6074096586660268e-10,5.083075654338457e-10,0.038992961057514354
