sample,components,mean_threshold,variance_threshold,variance_to_mean_squared
0,5,1.2113287661170653,4.5839702238878415,3.124048203577177
1,8,0.5734492766586786,0.7435799422120288,2.2611930805191376
2,8,0.9131511353406889,1.1804003790102287,1.4156112763277287
3,6,1.3797539863525983,3.9851874734214014,2.0933673273767233
4,2,1.1697782378432333,1.8146406670449382,1.326122257112192
5,4,1.8764893889243055,18.21451276167257,5.1727957743541655
6,3,0.8328419894763714,1.6848851752972762,2.4290982619905117
7,4,2.2035120099219134,14.906854397691964,3.0701186913322647
8,4,0.4560595798146404,0.5133568605572556,2.468176453369576
9,6,1.5492056202358195,4.762138090932629,1.9841927437157612
10,3,2.223563636899603,9.542617660040845,1.93004927610808
11,7,1.6781052580107894,4.758138038548095,1.6896573462521625
12,6,2.536877743218205,7.57850190292216,1.177563369079484
13,4,0.7468590033259017,0.7259754175896255,1.30150150220895
14,7,2.9429535819785206,18.961610225132176,2.189315695407292
15,6,1.5445785120356703,11.443407334955328,4.796620727120539
16,8,0.9901875924433399,2.6021262704310626,2.653954097340447
17,6,2.540232105405739,16.66681494970231,2.582889413071316
18,6,1.8338581340878195,11.434237324229542,3.3999750505069697
19,5,1.4911333406793783,7.768602988693958,3.4938959385696142
20,8,3.1069273782187192,18.659673007549195,1.9330443788196279
21,4,1.4093931126755839,4.800522681033453,2.4167083141303403
22,5,1.5489160867252036,4.03387808520201,1.6813843003385025
23,3,0.8653583072155623,0.7808895721851794,1.0427919961058536
24,2,0.3376519530188533,0.11427697264223617,1.0023518462388592
25,3,0.5519053411192093,0.5452910368686339,1.7901901576414179
26,7,2.113235044058237,10.730566626871587,2.402852140894046
27,3,1.0369113879813405,1.1684443276038563,1.0867377069343167
28,2,0.3876049242060775,0.2415071070742056,1.607501341971927
29,5,4.76733721772366,32.8600101678813,1.4458257252812223
30,5,1.1228375543044486,1.4609095349269994,1.1587492457354482
31,8,0.9517698483199933,2.02467394116378,2.235070407160028
32,6,1.0287517521862684,3.1358534686971637,2.963020014567319
33,4,3.380396636422712,24.332217363644126,2.1293466345694343
34,2,2.965465775480482,8.996781283099502,1.0230605311822512
35,3,3.9337721999767474,18.442987991912872,1.1918260394323867
36,7,0.34095990987935665,0.35444447328858597,3.048888721840526
37,3,0.18613833302064622,0.034805468777913795,1.0045599207411005
38,6,0.3259463596432495,0.6200640695739394,5.836389888933462
39,4,0.8350877273603496,1.5137564365921115,2.1706599849610284
40,2,0.8990699611011257,1.0592742057124145,1.3104529162270289
41,7,1.0188953891491044,1.4904157616795644,1.4356488946356274
42,2,0.2895221737227276,0.0839391913179535,1.0013850866401905
43,5,0.5559709622416436,0.6715203976186576,2.1724760138247365
44,6,2.30266207484434,12.2833941356954,2.3166369071232227
45,6,1.1449186071186372,1.938012766857876,1.47845260418245
46,2,1.6801144647729653,5.162648581810043,1.8289204762038689
47,7,2.869064694478559,16.266909127459595,1.9761702548835063
48,6,1.4735261543328624,7.11375474536485,3.276296446641796
49,5,2.702218998876564,19.012661958355594,2.6037653326269923
50,6,1.3411451134414456,3.6564898306292033,2.0328850722662035
51,6,2.90841610750752,10.938496256001763,1.2931370056636098
52,7,1.9585932211968917,6.094596585648459,1.5887533156642377
53,5,1.0818674728974562,2.681416796786647,2.290953099018991
54,5,2.6363504260823603,12.573737454078284,1.8090814258406593
55,8,1.1916288349247188,1.9943470033118524,1.4044902141087485
56,8,1.3415484365019354,5.266642604539063,2.92631540200252
57,7,3.6208445832460407,18.001505985999334,1.3730585949470173
58,5,0.9822459941548118,2.2753867230367617,2.3583849078522814
59,2,1.386467673823621,2.1878545574156094,1.1381485552195179
60,7,1.6616633832222907,9.223287515761761,3.3404090182613486
61,5,3.996220288061334,32.99142504427328,2.0658664106459046
62,8,1.022258009789566,1.3175019672972021,1.26075363260026
63,4,0.8982747877894254,1.3555693831846511,1.6799769792712869
64,2,0.8139094426397255,0.6751266151393049,1.0191381409641473
65,4,1.1216353395302536,2.3373736025319682,1.857910403193701
66,5,1.9518273158298742,5.233056881243456,1.373639187713937
67,3,0.5732078861406222,1.6498011972249598,5.0211974653727
68,4,1.4391297179234372,8.330214945625855,4.022132050958816
69,7,1.3184348484417474,7.580953853375297,4.361205044463893
70,8,1.434122318002408,3.9476712963337737,1.9194137211008695
71,7,2.2690062550481644,10.99167636958012,2.134973784354561
72,2,0.2941298408757377,0.4510171045441075,5.213325441284549
73,2,0.4431775395930677,0.23784335433155346,1.210976002628206
74,8,1.259844525514999,6.391242366938956,4.026719526964261
75,3,0.7517233959099378,3.518191574477164,6.225917337260118
76,8,2.25217211863552,13.55388401430477,2.6721486221543262
77,8,1.4221647090150658,5.366707483016212,2.6534330210464567
78,3,0.4174435751531346,0.40842744876907344,2.3437935733717508
79,5,1.4585743219888354,6.881086025752179,3.234445666872722
80,4,0.5945111312128807,0.6457855204498606,1.8271252621938605
81,5,2.8859224707088935,18.446299685925265,2.2148276702175376
82,8,0.9982628788686374,1.7929138559537314,1.799159141556376
83,8,2.7630392575745404,17.782305350148178,2.329238460364612
84,2,1.9057296429662238,4.162576201082306,1.146145142707252
85,3,1.4887645895363297,2.8947685260762057,1.3060559470151107
86,2,0.5191446263095015,0.27001508807995084,1.0018698486758677
87,3,1.8704755099468668,4.316894699964889,1.233864310618199
88,3,0.6487511625360562,0.7240718549991088,1.7203838951854278
89,8,1.6766709565721172,8.496143113999116,3.0222204245931223
90,2,0.3101002845758818,0.19866015778674048,2.065886446946038
91,5,0.7368790111655893,1.6735345953650285,3.0820687462153034
92,5,0.4488597588094858,0.5963806004751159,2.9600712473349438
93,5,0.7216567443739865,0.8533145828031184,1.638505177725001
94,5,1.2783703586258617,3.3630939061094596,2.0579063618183016
95,4,1.8167906808410283,7.144984605645167,2.1646690631339993
96,4,1.8746160050561733,3.7932761128126953,1.0794183952135967
97,3,0.4625671196790489,0.23053489952125925,1.0774252830908067
98,5,1.2591880040743948,4.498870499559725,2.8374115801757154
99,7,1.4601006013308593,6.49957868581212,3.0487347866242507
100,8,3.24753341882948,17.636480958571227,1.6722633667355742
101,3,2.5503374815823743,7.6065915958482195,1.1694853665226561
102,5,1.916808894542802,6.581352726345075,1.7912554939271321
103,5,1.0480821151487572,1.4660303109813952,1.3346037152405443
104,2,1.575154527513215,2.831249774276283,1.141121408060193
105,5,1.232188919232818,3.6113989035614162,2.3785969841907844
106,4,2.8631783399867365,11.818075439797072,1.441617209272664
107,2,1.7309718104458762,13.678596527995996,4.565218294534988
108,8,0.8151853332371057,0.8915807085875592,1.3416769183048338
109,6,1.9260815987150357,13.81913963580594,3.725046006783727
110,6,1.6156341299885457,4.142799453211053,1.5871130852252204
111,8,1.3196093216272229,7.342843190392145,4.216707771371979
112,6,1.4193130807724308,4.833339197652609,2.3993348588431282
113,6,1.0180262329558325,1.731829194651865,1.6710410476853337
114,3,1.6719239534917218,4.5258077134045465,1.6190604289970578
115,6,1.3021085942720176,2.067018351084802,1.2191297282404143
116,7,2.3994506568202265,10.359347051488346,1.799321361823072
117,2,1.4874424049004102,10.158705005936557,4.591536407630249
118,5,1.5360524348506028,6.3066865339238785,2.672939711599357
119,5,1.0706819535436207,1.6186822975784785,1.4120193617468872
120,7,1.365916807602533,4.67847118338295,2.5075838303625866
121,7,1.4513687860228912,6.2768799040441134,2.9798078644558097
122,7,2.196370314773278,9.528670341870852,1.9752459113102934
123,3,0.3964748150121873,0.6101921588015626,3.8818201690335887
124,3,2.838302752983167,11.691779811633458,1.45132003607292
125,6,1.7300287366724112,6.323753345122345,2.1128481623967863
126,4,0.8520306867266927,4.308783965001534,5.935321475526402
127,7,1.4042665528109493,9.545241985605553,4.840473414748836
128,3,0.5725323449031342,1.6459541554237136,5.021317476353538
129,2,0.33163821776638736,0.11101453900351417,1.0093707483561194
130,4,1.1015917566238134,5.410985547851485,4.458974813443808
131,3,2.140292807893246,6.537814529634314,1.4272045176847703
132,7,1.8552637472097597,14.5686949486341,4.232620520318907
133,7,1.5105543531795775,3.590451041741851,1.57353459523122
134,4,0.8367488844487543,5.649740547224969,8.069343815847098
135,5,3.081801575338085,18.657870386580488,1.96450313459134
136,2,0.39872085641731614,0.20009478137458578,1.2586293507523938
137,5,2.545058824873457,18.71567370617582,2.889414283838748
138,4,1.4352994417183071,5.387857636600259,2.6153576076912937
139,7,2.3899470773668976,15.489639513652417,2.7118442467395867
140,7,1.8347682311216098,7.551489631431739,2.2432114183445115
141,2,5.452827193274273,29.770750932400716,1.0012587402668534
142,2,1.2656606966698827,1.6433699173378276,1.025889878229604
143,3,0.5965766748439296,0.46521587560949085,1.3071396496987218
144,6,1.9411542591107602,5.739481571967861,1.5231846958589295
145,7,0.5421623318161752,0.6795026572121086,2.3117053513950387
146,2,3.99262323173896,31.872305994711745,1.9993868313255827
147,8,0.42453929559083686,0.3337647034882475,1.8518449306174112
148,6,1.9217159415928182,10.260578483699623,2.778391623561372
149,5,1.4821139824876248,2.6364005006413005,1.2001849497853287
150,3,0.757240180381581,0.7849361738513378,1.3688852487336494
151,7,1.5001583722404346,3.6062598212833965,1.6024437481207092
152,4,2.567740868434238,8.118045992100841,1.2312581567290382
153,7,0.7539777298814414,1.251743747008669,2.201904068147444
154,2,1.722296412017706,4.578199062338496,1.5434013592891307
155,5,1.7207249919600462,4.997560757450407,1.6878550589696966
156,2,1.2085531821651756,1.4613603912302187,1.0005200579868938
157,7,0.9026762080540969,1.9128156575126642,2.3475190561010084
158,4,0.6903277254721131,0.6322071349344229,1.3266267815449828
159,5,1.9994360820357282,8.995757366110368,2.2502080954024435
160,5,1.6741588639261602,11.949258599173044,4.263317008663043
161,8,1.1872973121791397,3.3787273048226725,2.3968131140221454
162,5,4.188911226362232,27.066271678813152,1.5425033767438892
163,7,1.6376055998962311,5.302165070437253,1.9771272179978245
164,4,1.5096508019350876,5.216673560165125,2.2889729318464433
165,8,1.9311183731480888,6.538427643691907,1.75329716409312
166,4,1.1874397787196642,4.479367449858973,3.1768265436346566
167,4,1.7543508769930583,13.729691355177934,4.46095515873597
168,5,2.666641982390792,8.358511296109953,1.175437412030759
169,6,0.8858296851392164,1.8254534907711786,2.326324596872683
170,4,4.398646314032177,27.166359462964728,1.404084863730931
171,3,0.6073786661236634,1.0240047163851,2.775766243794786
172,6,1.9934121060213756,18.480946474572796,4.650825300779782
173,6,0.5202261907310369,1.2171635959912444,4.4974312039595965
174,5,2.3192592101497294,7.175727468320583,1.3340354060132955
175,4,1.8574352617570862,6.540373210731072,1.8957242213898746
176,5,1.8562336760451805,9.651102320097145,2.8009904308202924
177,4,0.7718498096969628,1.0120243349182523,1.6987338963889884
178,7,3.1193317730289856,17.114320351923823,1.758881249746084
179,4,1.3327138585047014,9.351964274119823,5.265371415198062
180,3,0.43027946613520823,0.1950206412507799,1.0533661008640987
181,7,1.1799977727926505,4.376901104231613,3.14343408989059
182,6,1.4536417575468206,3.193430959475443,1.51127240054051
183,2,0.9814543383326647,1.0076629318938533,1.0461045345958748
184,7,2.155083144125566,8.346116841833073,1.797034438874998
185,6,0.40189120602712103,0.6614423873060434,4.095199050433036
186,7,1.9504433189066845,10.426482352078288,2.7407608657728026
187,2,0.3816768842280989,0.15545228659025048,1.0671006834757446
188,6,0.6600325405871925,2.0663811540298784,4.743290651322478
189,5,1.6837468074576976,6.180319586015573,2.1800043621378595
190,4,2.327034512869961,9.946678119035731,1.836844597140172
191,3,1.2653879367645287,1.7821781318042305,1.1130219534736063
192,5,0.36587056832421855,0.2565766000071559,1.9167350997468038
193,3,0.33533749025635395,0.12253818106408218,1.0897006504947349
194,2,5.758867064767315,33.20112964814512,1.0011029782893834
195,4,1.0901640729245872,7.150308763406816,6.01646043265707
196,6,0.9605334392950672,1.8908378941401254,2.0494122134463724
197,8,1.1858721728712525,7.150820241176462,5.084872928555612
198,7,1.5821875596250872,5.9418838501281765,2.3736037926630233
199,6,2.351827608163972,17.516163251196446,3.166853809760714
200,2,0.3694065485695693,0.14498435358158218,1.0624584539234794
201,3,1.8894418133350828,9.63569966842616,2.6990828211335662
202,3,4.015526354242662,17.023474566770293,1.0557552387292464
203,3,1.077523600005295,1.665727504784117,1.4346645763514805
204,5,0.6568021206496669,0.6973250540541631,1.6164645193256015
205,5,2.2554908501768987,9.441373129986893,1.8558933786979932
206,8,1.6978709441950326,6.0780470186347975,2.1084082302194784
207,6,1.6700939446319714,6.600966519056203,2.3666047246600854
208,4,4.054298355475302,17.48585582984562,1.0637889697286824
209,5,1.6010143982843534,3.9435765493924997,1.5385081461660381
210,3,0.6258990391028944,1.4219929361859638,3.6298515945716137
211,8,1.9505182646538546,15.53883543434337,4.084307430326559
212,3,1.4936535108701763,2.491796191829516,1.116896139196021
213,5,1.5962070397469719,7.482415179088388,2.936725529692689
214,3,0.6869671302418052,0.9777355757840791,2.071807984652835
215,8,1.689383682022992,9.33452988784041,3.270663472453488
216,5,0.9238119142887966,3.2811565426691507,3.844676763710643
217,7,1.93791471109017,10.004948580754895,2.6640694472293336
218,6,1.5383780878098299,13.130138094439328,5.548085217301768
219,3,3.3368731248098165,15.932025197868994,1.4308417254257513
220,5,1.2001340431665324,2.7376521099109605,1.9007226433633566
221,6,4.257345588629848,28.62029327352093,1.5790514072827473
222,5,4.85486080596357,30.564401943903604,1.2967681548436019
223,8,2.610151411059403,12.61788341178747,1.8520602405108948
224,3,2.1879195642716063,16.04359596601042,3.3514983730724106
225,7,3.2384221413667724,22.90901047803109,2.18443642948401
226,2,2.5021936918461765,7.355032259159115,1.1747426382766872
227,3,1.0778800680922909,5.54053328301237,4.768817316768702
228,2,2.229797769675085,4.972368208872871,1.0000744399370065
229,4,1.8487361759581533,6.355547581378055,1.8595295978459034
230,4,1.8644716764933793,6.412916397767791,1.8447775194348768
231,3,0.5534676547526552,0.49264156113817287,1.6082240675221446
232,7,2.238277874862823,10.94480420611972,2.1846405637250954
233,2,1.0964882662639825,2.074754168436084,1.7256736537254194
234,2,1.5868824754096849,2.553835914047171,1.014152958473265
235,7,0.9147270993012586,2.1528713676309397,2.572971589862039
236,5,2.1383427780504416,14.302014416237009,3.1278258391611398
237,3,4.931777742409548,36.79844138776188,1.5129425314396399
238,5,0.5318666246501681,1.6014125150362846,5.661059779712491
239,2,4.368348781161261,23.073122804486975,1.209126570409308
240,3,4.33042987359721,26.0219855116316,1.387645113116918
241,6,1.1114655802922444,3.7572492244721216,3.041430993883182
242,7,2.010328050603728,16.844029107246516,4.167850362636255
243,3,0.779416911680862,0.6486904122500122,1.0678194555559932
244,7,0.9336167995030265,3.0388262508552826,3.4863304876362013
245,8,1.9517477138706127,13.47373920379617,3.5370465727770433
246,2,0.8449434659294836,1.1474280307606954,1.6072008427403566
247,7,3.306538190052975,20.050910833216548,1.833948008411717
248,3,0.8628003318073534,6.143648520528696,8.252884264427252
249,5,0.6506149417500775,0.5165574798793182,1.2203111764188062
250,5,0.6460747437266648,0.8224489209206163,1.9703501312635125
251,4,2.5205229216183325,7.99593637409407,1.2586008685963226
252,7,1.3586299748512936,4.9842617824676,2.700215713011724
253,6,0.9204313885632458,5.896541037734612,6.960084051603778
254,3,0.34217219935418464,0.4397378801026985,3.7558171080423786
255,8,1.2969971113863645,5.023772562453458,2.986427334486382
256,8,0.6358205098866314,0.9914915217542944,2.452561683160479
257,3,1.039990607092177,5.3979987764464,4.990843457242774
258,3,2.471532822784028,6.534759663676996,1.069785863883042
259,4,1.127346516165581,4.547712549980588,3.5783115646074166
260,7,0.3369481081721281,0.16734206046288075,1.4739374969706154
261,6,0.4263575808297394,0.30066529574763656,1.6539993095782042
262,2,1.630032790630456,2.805632637687238,1.05593728011731
263,4,4.965149187568486,30.65103368761297,1.2433131325274895
264,2,2.9295939616103,14.273865933311596,1.6631321146037512
265,2,2.1497706383066464,5.665363916820616,1.2258675761390918
266,3,1.21262277847763,4.621920954957633,3.143193153880647
267,5,0.33368489159617265,0.13516403387626447,1.2139143848080245
268,4,0.8980504174412384,0.855539100931517,1.060812002421233
269,4,1.9913329852773975,10.529508508767812,2.65534114255715
270,2,1.5438800547107856,2.5155205339076305,1.0553603010892956
271,7,1.900076548057867,8.91918755951751,2.4704900062149537
272,8,1.241235472729065,2.4951023501924703,1.6194964787613628
273,4,1.4908259160981583,7.470794292392953,3.3613436150810356
274,2,0.23098171185221644,0.0713539339303565,1.3374043473433985
275,3,0.7397219124529023,2.2721741050304214,4.152452167388425
276,5,1.1782602143686591,3.4395306154029104,2.477517625174992
277,6,2.984157329129361,15.328449891037119,1.721293015064626
278,7,1.50960561887831,8.65363304642157,3.7972699100646543
279,5,3.0827242993347186,12.666843044425168,1.3329044496037623
280,6,2.5177185961237134,19.59278603449789,3.090877694391863
281,7,1.8089527539186068,6.891820445705215,2.106102510731748
282,4,1.6993139577310274,3.5729542592772345,1.2373147985419677
283,6,2.1510091400549625,14.748313921894272,3.1875562803044333
284,8,1.1422188219784601,3.620703864018653,2.7752005999967264
285,6,2.0133993043286926,9.961704450684481,2.4573885153828012
286,8,1.18130488690357,4.002815003624712,2.868411914737171
287,5,2.196167632338469,8.130807116640678,1.6857869423575558
288,3,0.6516190203681985,0.6779821398977837,1.5967272906634746
289,5,1.9164960605949974,7.548605171037643,2.0551846542696843
290,4,0.33681649040192474,0.14113902991940763,1.2441147402737625
291,7,3.4084884461932297,16.37485752526338,1.409463642335586
292,3,4.166005755249202,20.695932846246794,1.1924639962151415
293,3,0.7982774888123216,1.171419049761687,1.8382497575457961
294,3,1.9603805333487196,12.895933810220594,3.3556142715578274
295,6,0.8104664752311741,0.7838219626579133,1.1932936184932836
296,4,1.8651494955178605,11.5042356046885,3.3069716602366848
297,8,1.3383760780938239,6.4348975849584225,3.5924051326541613
298,5,0.4969194407118602,0.6588246719877517,2.6680740507019545
299,7,1.7280115841343622,4.817922715608826,1.6134909362060992
300,2,0.17251795197044298,0.030316834001923042,1.0186271750554186
301,3,1.646027312605613,3.143080981147062,1.160062789074
302,2,0.8048152123632569,2.513769837514644,3.88090630151095
303,7,2.128428088419781,9.470332680065184,2.0904860426596334
304,2,4.077164626214088,19.812249159490715,1.1918381584205637
305,5,1.8022227340119592,7.028498173262924,2.1639419628285785
306,3,4.041646071613497,34.39047686683108,2.1053370769207715
307,6,1.0987303747001518,2.3873750769987567,1.9775997294536407
308,5,2.139693435992891,9.188190953259044,2.0069054094449066
309,5,0.4531643239178691,0.4759227304302067,2.3175281791757762
310,5,0.479350402764397,0.3224038133468091,1.4031172913773724
311,3,4.241264765520491,18.320324327480147,1.0184562755457063
312,8,1.0576134972415074,6.447219089705575,5.763926834924035
313,7,2.4323759347799454,14.68289145631545,2.481705209247451
314,7,1.6630024783822899,7.435918237861575,2.6887400293731516
315,2,3.0034450551698786,13.87483978830148,1.53811424475045
316,3,1.0409380006840223,4.3945463091615276,4.0556859555181415
317,4,1.3683334280506876,4.699884036525997,2.5101707743466886
318,7,2.0544046684977233,15.926198097192074,3.7734632678703286
319,2,0.28113407030441717,0.10163938322620643,1.2859825043992126
320,6,1.8484216381077279,10.204336860855438,2.986638775377626
321,5,0.8648798669765327,1.6719114775309258,2.235124423100663
322,4,2.3469020395428433,8.651939875391502,1.5708096766333348
323,2,3.877135298504952,15.367499105798453,1.0223068792921135
324,8,2.65651299706731,19.27376162763768,2.7311313872021534
325,3,2.4220264295049208,17.403567881619487,2.9667471627000648
326,6,1.2075300206878476,4.288702596015168,2.9412372490965994
327,5,0.5689410060834816,2.250499522405716,6.952555306367001
328,7,0.47190731083988235,0.3960846828814256,1.7785850475991272
329,5,0.8616474779878976,7.109072958950562,9.575329530807693
330,3,1.410877402341968,3.2764046006379237,1.6459588448025309
331,2,1.948176977664444,3.892140289784332,1.0254905723364947
332,6,0.6873606480016146,1.5827721859548975,3.3500329623465706
333,4,0.8468734160972369,6.733403533787473,9.388530943211993
334,6,1.2898329796428378,7.423858061708606,4.462340493733489
335,7,1.3092187196231573,7.792274843367955,4.546109053790316
336,6,2.777279875157089,17.964405909573117,2.329021861835943
337,3,1.7156545598131192,4.5296103619169354,1.5388672168921107
338,2,1.6732953904236092,5.522955933789082,1.9725424072545645
339,2,0.7226321385001,2.4652653115403758,4.720946944359622
340,6,2.9545697176566685,21.317442670046844,2.4420053952076195
341,5,1.9949908950922357,9.282592529363884,2.332316319348533
342,4,0.7963466890620348,0.9048347172727166,1.4268059049058126
343,2,5.105695240064509,27.338329697370835,1.0487263992831009
344,3,0.46682901255233744,0.22271283730866948,1.0219498238937987
345,6,1.1069718683512102,2.030628956704555,1.657133154784039
346,7,0.8151891796261271,1.9790295846943562,2.978073922130409
347,5,0.8450763597999745,2.9423561309645354,4.1200580111897045
348,3,1.3300367258602102,6.573356672060591,3.7158650354823135
349,5,1.4978017999848214,6.283726469866343,2.8009707632288925
350,8,3.834098770525684,29.18805108629445,1.9855393778028674
351,7,2.0473643668389045,9.327883970971692,2.225321964384168
352,8,3.0158675261338814,19.106749200447048,2.10069151408172
353,3,2.1677443159086116,6.460232249016882,1.3747762446277203
354,6,1.3415443654791868,8.062945359718087,4.480058011081743
355,5,1.3155802639407626,2.262615849503285,1.307302602295321
356,3,0.7771092665045162,0.8258606042199486,1.3675479860038473
357,4,0.4328002119272034,0.30453669817414664,1.6257909631784035
358,5,2.0072416500030488,10.67467888764177,2.6494486071351884
359,7,1.8880607536953256,6.105213193996013,1.7126511260093686
360,2,0.3521843106213208,0.16911569656529024,1.3634647333516685
361,6,0.6966978320406703,1.2393769803345955,2.5533744435217596
362,7,2.02214895701182,12.43285799112083,3.0404977449028547
363,4,0.7441536427927185,1.743028292690471,3.1475976505885375
364,2,2.8442370782938147,8.12453156506444,1.004307585453455
365,4,1.782713070914117,5.012719671830315,1.5772862616043228
366,8,0.8132383781841577,1.4861468486305984,2.2471185958704716
367,4,1.912235910587596,10.374414519249898,2.837139284189547
368,3,2.8746076049828906,14.411162105889687,1.7439814572710826
369,4,0.19900318069740686,0.04366188027074618,1.1025096480710075
370,6,1.038314984649114,4.461958955666991,4.138732216607564
371,8,1.3424459234183783,7.0630156569697995,3.919192254404465
372,8,1.2603665091686787,3.197083150479178,2.012612764379247
373,8,2.7586897964600623,12.070096583908573,1.5860066654403586
374,6,1.8022654366286917,12.451913604842245,3.8335275681568204
375,7,0.8571251132983727,1.265010302693588,1.7218908681772067
376,5,3.1102948809149855,24.369387142640427,2.5190771946891344
377,5,0.5454000600488504,0.4867553612372934,1.636365749576269
378,8,0.6220179828194728,0.7400962389917105,1.912856170274362
379,3,0.7300197632660033,0.9312387876541135,1.7473979487849671
380,4,0.8501472741585425,2.976997088407872,4.118983730520976
381,7,0.2528958954216366,0.10070135816196266,1.5745329975632347
382,7,1.5782956774137928,5.400273179848943,2.167898752987243
383,2,1.3843752033030086,4.276636485920985,2.2314888103085257
384,6,1.8054262263310412,6.518132411287221,1.9996946505103732
385,4,0.4169043030216143,0.449540131616334,2.586400127869154
386,8,1.974630088913195,15.258594717793683,3.9132990468191453
387,5,1.1372964272998647,6.830471572113081,5.280844001966946
388,2,6.52876454472427,42.624892339085086,1.000002952711458
389,4,0.56543123497591,0.36141657331659666,1.1304424889398328
390,8,1.6251224099746218,4.888842297235664,1.8511170026587918
391,8,1.0488238963427567,3.252759964993548,2.9569696605914775
392,4,1.0701040009239395,4.202472679762478,3.669888953032273
393,4,0.8328466711736087,2.1101272975475065,3.04213545225156
394,3,2.0150343448457466,12.538115231178905,3.0879293211775076
395,2,2.941633216664288,9.704220601254464,1.121459563326359
396,2,2.198238901332047,5.319914279773712,1.100917705374325
397,3,0.7173883820790612,3.3965293647108776,6.599738006002894
398,2,0.4456782270018663,0.21641917371565517,1.089564385591939
399,2,0.4427041305628311,0.20199719063562466,1.0306665495001859
400,8,2.951348214338325,18.522830795434658,2.126505224889371
401,8,1.90866255873537,15.878351013298435,4.358600756512958
402,3,2.449963059368705,7.990366398526416,1.3312132208926268
403,6,2.0501749464585255,7.61862189152654,1.8125691173359046
404,7,1.6489748317732056,7.680153025603996,2.8245015616851696
405,7,1.6889037623111598,8.455411500001533,2.964319029349981
406,8,0.44813181009991965,0.5681460824639788,2.8291011202400047
407,3,1.0693652149411983,2.517700955125833,2.201669056973853
408,8,1.3081593542739216,5.409268766202418,3.1609473221462667
409,8,1.1315483547250675,7.898667757555959,6.168898312617905
410,5,0.7361447499286651,1.440494850861838,2.6581854223787924
411,4,1.3687390235054504,2.9557381170893953,1.5777008280008762
412,5,2.328082993127798,8.434682852324642,1.5562230407570705
413,7,0.2252850973921597,0.09917010831400656,1.9539608568876994
414,6,1.1914325129505174,7.370062459717702,5.191971187283832
415,2,0.42560566600436894,0.21011583823756438,1.1599626037307023
416,6,2.0282868039963753,14.393098061283341,3.49861016788798
417,4,1.4647652973469865,3.7495441035517043,1.7476013911241428
418,6,1.8975743949501034,15.620665992725291,4.338123615623831
419,2,4.441813400158034,22.35523583038302,1.1330749434916012
420,2,0.5881618069565439,0.8536061016864089,2.4675381254266893
421,4,1.362582684431596,9.65936344228979,5.2026280218525685
422,6,1.8778535083088344,6.151166874077152,1.7443518467823387
423,2,2.9041749240854426,15.821219932422004,1.8758340951218875
424,2,0.5794720652514669,0.38026782406078447,1.1324644308034113
425,5,4.041032779410747,23.265488828994123,1.4247131580768604
426,5,1.2889494645022308,1.7596020496376823,1.0591139256372322
427,8,1.2468129437042144,2.368995704877589,1.523918245785028
428,3,1.917224886082531,7.401805159281327,2.0136849933639915
429,5,0.5953590771496723,0.541678452937995,1.5282119854566287
430,3,1.0585211536669865,2.9264019203894405,2.6117697663800796
431,5,0.49935440154207666,0.2866630559105311,1.1496190762205285
432,4,0.5971951829832357,3.1725365373184213,8.89557530283567
433,3,0.883340950739967,1.5179459706498504,1.9453582227607134
434,7,2.355300188710282,9.110612840257467,1.6423096990965853
435,3,0.7213013701210562,0.6415727737192168,1.2331400735839044
436,2,1.1961552546862952,1.4574158651851747,1.0186110612911319
437,8,1.7468984851811904,11.317401886048742,3.7086120210414855
438,5,0.7551949928584066,0.7425566347379013,1.3020011842020482
439,4,0.7360805827371912,0.9915291801696356,1.8300155361850259
440,5,4.322105391000046,26.893575957630535,1.4396530700398744
441,6,1.727857814013504,5.360622196227453,1.795557004741855
442,2,1.5521893410206204,3.1542702537606786,1.3092105816017345
443,6,0.8667965743784565,1.1364451381794245,1.5125651936836644
444,4,0.48987634586263806,0.3344462207884942,1.393648826795983
445,6,0.45164165955916813,0.7416558568858427,3.6359210264323454
446,7,1.6318237280490766,4.05287998595598,1.5220091240155176
447,3,1.9662961457710393,7.513264226397633,1.943259531255837
448,6,1.6856820500398149,7.086242278258348,2.4938175231074764
449,4,2.0677218356960347,7.350773153053803,1.719288635197319
450,2,2.531917145756862,15.419681586129787,2.4053397378268286
451,5,0.4191179424804926,0.3296491852171174,1.8766336517027926
452,8,1.0487389156115894,6.197564188925079,5.634900686305601
453,6,2.665720040419181,15.084476321019382,2.122761311326036
454,2,2.500367402581953,16.374907776792067,2.619215342534479
455,5,2.8055817472445668,21.074057786225282,2.677332511308105
456,2,0.9647823868146665,1.216851154951546,1.3073104296574583
457,8,1.0425925831283238,3.8650064196937373,3.5556659876654217
458,8,1.1503637732844587,5.128881080023296,3.87571859094004
459,7,1.686025270416959,4.129717127864824,1.4527542201101546
460,2,6.458669347873932,41.79792914274097,1.002002171385977
461,5,2.952676602533895,18.469607316186558,2.118487455381656
462,4,0.4684605116186382,1.1986834547776457,5.46208600437006
463,6,0.8697631480411584,4.110217899931726,5.433289437784363
464,2,1.2628181737752835,1.6647032109703246,1.0438910412326383
465,7,1.3265443126159155,11.622333563035463,6.604650055634704
466,4,1.068645722368395,3.0870527305957323,2.7031898275214052
467,2,1.7932354827393677,13.205500230937842,4.106579263565692
468,8,2.081257767970542,16.778260508490654,3.8734253421386415
469,3,5.864803041861102,37.69412349152192,1.095889549632993
470,4,1.6114018676597042,2.9421992072393826,1.13308984883562
471,6,2.2299074922120665,7.630101221544856,1.5344636539428032
472,3,0.35672417500656095,0.2388941978301955,1.8773295553076401
473,8,0.9776700207976203,2.831958624408518,2.9627998056336544
474,2,0.5148688783389739,0.4051346104073213,1.528291028189174
475,8,0.7754930688038881,2.144378920602904,3.565707285292532
476,5,1.72288235017687,10.815210409609849,3.6435415723375586
477,4,0.329588310113454,0.17934409659975098,1.6509863643084703
478,7,2.1074839626368083,11.86628180490769,2.6716902220392966
479,8,2.729847035840982,21.915696083579267,2.9408890766248454
480,7,0.5370912192851371,0.8208708698518159,2.8456320235256904
481,4,1.7588662032427382,5.329632871759422,1.7227873968924774
482,2,0.5477523640813352,0.30710219159415314,1.0235625662138166
483,5,1.2712848308557554,4.423439796515389,2.736997438312287
484,4,1.4407414399727525,5.325807206212422,2.5657441364685662
485,7,1.674780105325044,9.477063951235774,3.378766851189649
486,8,1.7441743779620646,8.566247383500901,2.8158583713643424
487,5,2.37405519987598,13.30839003437563,2.361260461862767
488,5,4.687884565898511,36.856739927377916,1.6771159911163966
489,4,3.3929520497846,13.427695078678406,1.1663960126801671
490,6,1.2818765746112413,7.239384318848714,4.405642067352589
491,6,2.1259096205818127,10.346528680172245,2.2893124565539074
492,8,2.51551438917487,17.645942173505354,2.788632213282701
493,2,0.4492857029256161,0.2571311611435817,1.2738242531166826
494,6,2.1397768687316896,7.693729393780928,1.6803506961541377
495,3,0.4248346405260385,0.25871415536867814,1.4334427377687524
496,2,4.457372251667962,21.00539348137672,1.0572386002753855
497,2,0.531399185368042,0.47052459908833827,1.6662515434994156
498,3,0.27124518195812314,0.22654270317284925,3.0791157341206428
499,4,4.493203088149803,26.111743194146467,1.2933729342866074
